Person_ID_No.,XMovement,YMovement,ZMovement,AngClckMovemnt,AngAnticlckMovemnt,OMI
123450,0.1,0.1,0.1,0.1,0.1,0
123450,0.1,0.4,0.5,0.6,0.7,0
123450,0.1,0.3,0.2,0.9,0.8,0
123450,0.2,0.1,0.2,0.2,0.2,0
123450,0.1,0,0,0,0,0
123450,0.5,0.4,0.6,0.9,0,0
123450,0.1,0.9,0.8,0.11,0.41,0
123450,1,0.4,0.8,0.9,0.77,0
123450,0.1,0.2,0.2,0.9,0.7,0
123450,0,0,0,0,0,0
123450,7.34,7.21,11.5,8.27,4.6,2
151513,4.84,6.97,13.82,4.47,4.6,2
137082,4.88,7.32,5.21,12.13,4.31,2
186191,7.03,11.88,9.1,10.9,5.76,3
199069,7.36,11.87,12.87,7.79,4.72,3
192222,4.42,6.72,13.25,6.66,4.43,2
132515,8.17,6.7,4.25,5.47,5.06,1
138902,6.29,11.51,6.69,8.78,6.34,2
196100,5.32,12.9,5.42,13.53,5.19,2
168739,5.07,9.47,5.04,5.95,7.39,2
149822,6.85,8.4,10.11,4.57,4.16,2
153556,4.7,8.28,12.61,5.02,4.78,2
178604,5.95,13.62,13.23,11.88,7.54,3
122340,5.35,5.3,9.77,9.91,4.72,2
120302,6.17,8.46,14,9.12,6.13,3
210097,6.71,13,5.64,6.08,5.89,2
168037,6.35,5.39,6.39,6.32,7.44,1
147687,6.49,9.7,4.68,4.19,4.42,1
213236,8.36,10.58,13.7,4.01,4.73,2
212241,7.34,5.69,6.55,13.72,7.46,2
138964,8.43,8.68,13.02,10.81,4.28,3
131236,8.47,10.15,12.91,11.84,6.4,3
138440,5.31,13.59,9.95,12.31,6.92,3
127604,6.74,6.35,6.7,8.97,5.5,2
209927,7.95,10.57,12.52,6.3,4.28,2
184315,7.38,8.75,13.09,6.99,4.25,2
122107,6.09,11.83,10.52,5.05,6.42,2
119996,7.02,5.82,13.49,10.07,4.65,2
116316,4.18,9.87,13.51,5.21,6.14,2
142267,8.34,12.53,9.22,9.03,5,3
118591,6.27,8.79,10.78,9.01,4.33,2
122858,8.58,10.37,13.49,6.56,6.55,3
174711,7.06,7.78,10.67,13.5,7.26,3
179997,5,10.45,7.76,8.47,7.44,2
208514,6.06,10.79,8.86,9.43,5.27,2
178410,6.17,9.21,5.21,4.13,5.77,1
121901,4.25,7,12.29,10.62,7.56,2
114387,8.38,11.3,6.5,7.44,7.04,2
128169,6.22,11.94,6.91,9.31,6.93,2
213651,7.95,10.76,7.4,8.12,5.99,2
146918,7.78,6.21,4.42,11.47,5.3,2
120141,6.97,6.54,5.97,4.69,4.93,1
113610,7.73,5.07,9.21,4.92,4.89,2
155360,8.16,11.05,7.55,4.33,6.52,2
192347,8.1,9.11,6.53,9.54,7.33,2
184863,6.94,7.88,11.71,13.62,5.26,3
166944,8.28,9.69,6.5,8.74,4.33,2
139613,4.23,7.3,13.39,7.28,7.04,2
154865,7.25,13.1,6.83,4.72,7.08,2
202982,7.18,8.14,11.73,11.08,7.72,3
167774,8.67,12.34,9.6,10.77,5.85,3
184427,4.42,8.1,10.3,13.31,5.61,2
162895,8.88,8.84,12.95,4.96,7.93,3
120792,8.56,13.03,8.55,13.09,4.02,3
198364,8.82,5.52,13.99,7.76,5.25,2
129582,7.67,6.35,4.62,5.86,4.08,1
113387,5.02,13.53,6.13,11.28,5.26,2
160574,6.43,12.72,11.88,4.95,5.49,2
122062,8.51,8.53,9.11,11.65,6.35,3
121185,6.03,10.54,5.96,12.2,6.85,2
153029,4.02,7.71,11.21,6.57,7.61,2
180516,6.51,11.82,5.02,9.63,6.76,2
141176,5.99,11.72,6.88,12.73,7.93,3
115561,4.53,6.4,7.18,4.97,7.98,1
170130,7.53,12.04,4.12,13.66,5.87,3
210849,6.21,9.23,6.37,13.03,7.36,2
158608,6.05,12.39,10.51,7.67,4.21,2
119745,8.95,12.53,9.34,13.69,4.65,3
191363,6.15,11.51,6.26,8.33,7.73,2
132758,4.05,13.23,13.4,5.18,5.88,2
170848,7.93,6.12,5.8,10.65,6.49,2
197906,7.73,5.39,6.2,5.88,5.79,1
195119,6.24,8.7,4.72,5.61,6.46,1
211793,7.8,9.08,5.42,6.4,6.92,2
114558,4.04,12.1,9.9,11.23,7.83,3
173977,4.16,8.03,5.79,11.16,4.9,2
137576,4.04,11.51,5.74,13.63,6.87,2
116440,7.39,5.61,4.19,11.03,4.2,2
125517,4.9,8.12,12.81,8.15,6.13,2
150756,6.18,12.18,5.15,10.73,5.63,2
123409,6.06,10.67,6.22,6.26,5.85,2
189930,8.29,13.6,8.28,5.05,6.28,2
192726,4.89,5.54,4.15,8.36,7.73,1
124510,4.76,12.1,4.95,13.53,7.01,2
179787,6.13,13.95,7.63,10.37,5.44,3
204496,6.61,13.66,4.98,11.84,6.23,3
185771,6.73,6.89,4.41,13.82,7.74,2
208242,5.84,9.72,6.12,11.4,6.24,2
145493,5.63,7.56,12.89,11.94,7.11,3
187944,8.16,9.4,7.41,6.33,4.29,2
171278,6.1,6.49,11.93,4.7,7.58,2
182899,5.02,9.71,13.11,5.56,4.25,2
115001,8.28,6.17,9.33,5.9,5.14,2
119401,5.17,11.81,11.9,11.25,7.9,3
158685,6.85,13.91,4.46,11.85,7.17,3
128778,6.13,6.61,9.25,10.99,5.42,2
161401,7.38,11.27,4.36,7.94,6.07,2
194668,4.27,11.86,9.7,9.88,6.94,2
127665,4.56,11.69,13.89,5.95,7.73,3
147133,6.17,8,9.82,5.52,5.07,2
129176,8.29,6.13,12.36,9.53,7.66,3
117479,7.91,11.06,4.29,10.41,5.4,2
155412,4.44,11.95,8.16,13.72,4.83,3
155598,5.09,14,12.79,5.85,7.66,3
122771,8.44,12.81,13.92,10.58,5.62,3
149098,8.15,5.23,5.62,5.11,5.05,1
208051,6.1,11.82,13.19,5.45,4.42,2
139459,6.55,8.7,7.25,8.45,4.38,2
204805,5.01,13.88,5.52,7.51,6.17,2
164461,4.72,6.2,8.73,12.16,4.86,2
207193,7.5,9.97,5.12,7.17,5.18,2
171019,4.88,8.5,5.73,7.38,4.02,1
168688,6.2,13.5,5.08,12.75,7.37,3
198093,5.4,8.1,4.77,7.29,4.16,1
193418,6.3,13.99,11.41,12.78,4.24,3
173922,5.3,11.23,9.83,13.72,6.78,3
186917,5.62,7.24,9.59,12.76,6.29,2
193487,6.11,8.18,11.37,5.46,6.15,2
160908,7.47,8.06,8.54,11.77,7.31,3
199360,4.7,6.62,11.06,12.64,7.2,2
192651,6.02,6,5.89,6.26,4.69,1
139249,8.92,8.56,14,9.82,6.83,3
184515,8.4,5.06,13.47,9.94,7.14,3
185351,4.65,8.79,12.76,9.28,7.92,3
132879,4.87,9.12,6.05,7.47,7.42,2
205720,8.9,8.18,4.97,11.96,6.22,2
191378,7.39,5.84,6.17,8.6,5.68,2
116223,8.09,6.33,10.29,6.5,5.81,2
166276,5.79,11.34,4.08,13.77,5.51,2
181553,8.8,8.57,12.12,10.76,5.15,3
187585,8.86,8.22,4.25,9.66,7.19,2
157365,5.02,6.54,5.87,9.59,5.81,2
164708,4.06,7.43,4.07,13.26,5.92,2
192897,7.9,10.41,11.02,13.04,7.96,3
165434,7.07,9.92,10.5,7.21,4.23,2
140968,6.5,11.82,4.12,9.84,7.35,2
174211,8.83,9.28,10.49,13.07,7.28,3
205531,6.64,8.71,8.13,8.1,6.27,2
123335,6.24,8.07,10.78,10.94,6.36,2
169154,4.44,8.83,13.63,11.08,5.34,3
172862,7.93,12.96,13.81,13.66,5.85,4
164238,7.21,5.02,9.76,4.98,4.56,1
114874,8.17,12.85,5.63,13.57,5.47,3
190858,8.95,13.99,5.44,6.83,7.72,3
125977,4.56,5.12,8.67,4.93,4.16,1
111281,5.26,7.61,4.76,12.36,7.08,2
128525,6.5,10.15,9.93,12.11,6.03,3
134897,8.9,7.84,11.45,8.87,6.45,3
120173,6.89,5.96,5.65,10.6,6.43,2
187812,8.67,7.32,5.18,10.53,5.05,2
121753,5.25,12.17,4.87,4.67,6.63,2
193140,4.16,5.54,12.1,4.41,5.25,1
208219,6.65,5.76,8.98,7.14,5.02,2
171175,4.84,7.86,13.61,10.45,5.9,3
115473,5.65,11.97,9.23,6.28,7.83,2
163865,4.28,10.9,10.41,9.85,6.76,2
142109,6.41,13.06,8.06,6.78,4.2,2
210414,5.14,10.22,9.19,7.34,4.62,2
121834,5.47,13.34,5.91,6.13,4.07,2
160418,4.02,5.38,9.57,7.24,4.88,1
202400,5.07,6.74,4.98,10.84,7.09,2
171693,5.98,12.4,12.11,5.12,7.78,3
154565,6.26,10.68,4.3,7.52,7.37,2
163122,7.29,9.45,8.49,4.47,7.06,2
144355,7.15,11.21,11.15,5.89,5.68,2
157013,4.75,10.13,6.11,11.49,6.14,2
198177,8.67,7.25,11.12,8.75,4.46,2
169310,4.43,5.54,6.02,9.74,6.98,2
185836,8.88,7.06,11.64,7.01,7.57,3
184769,8.56,6.65,11.12,4.68,6.41,2
191131,5.16,5.58,4.62,6.95,7.31,1
172519,7.89,12.86,12.17,7.8,6.47,3
152988,6.26,6.04,8.32,12.59,5.22,2
159669,6.07,9.47,10.84,11.48,7.38,3
170770,4.48,11.28,11.54,13.92,7.46,3
150652,4.77,8.17,7.98,4.6,7.34,2
163521,8.83,11.76,10.23,10.86,4.22,3
162125,4.51,9.13,5.61,6.74,6.98,2
197560,5.01,5.11,13.42,6.03,5.51,2
136914,5.4,8.93,9.61,5.46,4.42,2
139851,5.23,11.15,10.58,13.92,4.37,3
211123,4.69,8.52,6.42,13.99,5.11,2
167562,6.99,9,12.61,7.5,7.71,3
123341,8.93,10.27,7.97,7.68,5,2
128996,6.86,7.93,11.65,9.32,7.99,3
137863,8.23,11.17,5.91,5.73,5.87,2
184209,8.92,9.28,5.24,11.78,7.26,3
186474,8.47,12.99,10.37,8.38,6.14,3
170211,8,11.18,10.79,8.64,4.87,3
165442,6.51,11.38,4.34,10.38,7.2,2
211902,6.94,6.15,6.26,11.1,6.26,2
181338,4.31,11.3,13.86,13.89,7.8,3
163160,7.12,12.17,5.16,13.57,6.52,3
111369,7.32,5.91,10.81,10.02,7.39,2
171946,5.18,12.5,13.81,8.29,5.77,3
147346,5.19,10.12,10.44,8.86,6.31,2
165943,7.45,7.89,10.33,13.42,6.37,3
122202,5.41,10.55,12.08,4.15,4.76,2
117497,8.56,9.87,5.68,12.58,4.25,2
135368,4.66,8.35,8.37,10.27,5.19,2
189987,4.93,9.67,13.11,11.97,4.11,3
158838,6.04,9.14,4.44,12.86,6.26,2
141981,8.78,9.92,7.34,7.24,5.79,2
118221,4.33,11.15,8.1,7.9,7.59,2
193081,8.84,8.56,11.51,10.76,4.47,3
159330,4.34,11.35,4.17,12.23,7.59,2
123272,7.07,7.33,11.55,13.87,5.88,3
163103,4.94,5.64,9.9,9.65,7.46,2
146128,6.53,7.59,7.22,4.28,5.13,1
189623,4.92,10.22,10.88,13.57,4.87,3
141535,8.33,8.4,12.91,11.13,5.63,3
174427,5.84,12.31,6.14,5.38,5.14,2
118444,8.14,7.06,12.45,9.8,7.9,3
169939,4.48,6.27,5.82,5.52,7.48,1
130865,4.89,8.46,10.78,9.4,7.83,2
194779,5.78,11.42,10.35,12.6,6.53,3
181594,4.02,11.89,9.29,5.03,4.22,2
178723,4.3,7.77,5.04,11.68,7.12,2
126884,6.03,5.1,8.05,11.64,5.17,2
190420,7.75,13.73,11.76,10.54,6.83,3
200797,5.05,10.3,4.87,10.83,4.94,2
167004,4.09,9.04,9.02,8.13,7.1,2
170879,8.89,7.57,9.48,7.36,6.34,2
167401,7.7,10.37,6.71,8.85,4.2,2
201339,4.12,10.92,9.09,11.14,4.42,2
133258,6.83,10.18,8.73,4.74,4.73,2
214102,7.2,11.76,5.46,5.81,6.09,2
192843,8.2,12.74,10.36,11.21,4.75,3
142248,7.5,8.09,13.3,9.98,5.48,3
152305,5.86,12.79,12.45,7.12,4.65,3
161499,6.18,10.16,10.18,8.27,5.4,2
127735,6.68,6.82,11.88,7.63,7.83,2
173689,5.68,7.54,5.86,5.99,7.88,2
188986,4.48,13.36,13.14,12.78,5.69,3
186984,5.47,11.81,10.54,9.17,7.48,3
168248,4.18,8.89,13.56,10.11,4.54,2
209814,5.73,11.41,12.5,7.19,5.58,3
171872,5.05,8.92,9.52,7.26,6.69,2
187036,7.98,7.64,7.05,8.61,7.29,2
187496,8.16,12.83,9.24,12.84,6.92,3
204035,7.79,11.99,13.46,9.46,4.32,3
114064,5.18,9.72,4.27,5.36,5.83,1
189008,5.37,7.51,8.07,6.86,7.32,2
166511,5.65,13.42,5.67,12.56,6.52,3
136994,6.73,6.96,10.06,9.76,7.8,2
122531,5.05,7.35,11.37,9.14,4.73,2
128742,5.9,7.79,12.75,6.58,7.68,2
171175,6.6,10.64,4.79,13.88,5.35,2
213057,8.9,9.74,13.5,8.37,4.51,3
134572,8.68,12,10.09,9.4,5.07,3
183486,7.91,12.1,13.32,13.81,4.45,3
166283,5.57,6.05,13.05,9.79,4.97,2
116603,8.7,6.27,12.29,11.94,7.57,3
143744,4.35,10.23,11.7,4.91,6.23,2
199146,8.35,11.65,10.65,11.68,6.15,3
121521,7.32,10.02,13.56,10.12,5.69,3
172594,7.12,13.59,10.62,7.33,4.8,3
197465,5.93,7.42,8.44,9.09,7.7,2
166355,8.93,9.6,12.71,6.43,4.05,3
171584,5.01,7.72,8.99,10.92,4.83,2
156038,5.14,10.29,9.37,12.28,4.34,2
136137,6.35,12.09,6.9,5.12,6.18,2
204233,7.75,11.03,6.01,8.1,5.59,2
159924,8.35,12.24,5.09,13.96,6.12,3
200881,4.12,6.76,13.74,13.32,7.4,3
183177,6.99,12.12,4.97,6.82,7.67,2
174842,8.88,11.77,4.03,11.8,5.21,2
196841,6.22,13.29,10.94,4.18,4.81,2
178127,7.11,5.82,11.75,8.38,7.18,2
213438,4.07,7.73,10.41,8.87,5.43,2
145595,4.33,12.62,4.01,8.76,5.59,2
205545,7.27,8.59,8.44,9.9,6.12,2
197294,5.31,11.93,4.43,12.46,6.43,2
150667,4.27,11.39,4.19,4.38,5.49,1
214591,7.22,6.42,8.88,9.84,4.33,2
152168,7.47,13.98,7.8,11.67,5.49,3
112616,6.43,9.16,5.29,11.5,7.25,2
176773,7.01,8.61,10.41,4.97,4.92,2
161571,6.44,11.68,8.09,9.37,7.76,3
117817,5.82,11.94,4.66,12.85,4.26,2
210865,8.49,5.09,7.76,7.19,5.29,2
118814,8.11,10.56,12.39,4.05,7.79,3
200977,4.4,8.1,12.66,9.49,4.04,2
132605,7.5,10.53,12.21,9.64,5.44,3
171157,8.08,13.97,7.51,9.84,6.12,3
185792,5.71,11.26,13.9,8.73,6.44,3
164026,6.52,10.06,6.41,5.13,5.05,2
147500,4.98,8.35,4.66,12.99,6.04,2
184100,7.15,7.59,4.16,10.48,4.05,2
158418,8.1,6.07,12.32,11.22,4.96,3
177344,4.51,10.21,5.55,10.41,6.66,2
185299,4.78,8.3,8.99,9.4,4.78,2
130648,7.18,9.97,12.29,4.18,4.74,2
147480,5.92,9.26,5.68,11.72,7.55,2
140183,6.63,6.49,11.32,10.76,7.82,3
130193,5.31,5.36,12.39,4.8,5.47,2
173774,8.83,10.2,13.47,9.51,6.73,3
187467,5.41,7.33,10.08,8.11,7.33,2
165924,7.99,10.21,10.72,7.42,4.02,2
201946,4.43,5.03,5.13,10.63,4.03,1
143524,7.16,11.95,8.28,6.81,6.83,2
131401,8.13,11.48,5.49,6.99,6.16,2
142534,7.12,10.79,5.28,9.08,5.65,2
144874,6.77,13.4,4.28,6.46,6.1,2
126918,7.83,12.61,6.96,10.75,4.46,3
160779,5.87,11.34,13.36,7.87,4.27,3
176884,4.33,12.47,12.24,13.17,6.13,3
212749,7.17,7.67,10.52,13.38,4.88,3
149186,8.33,10.01,9.58,13.06,4.98,3
181084,7.25,6.51,9.79,9.15,6.18,2
179552,4.75,7.37,7.07,12.85,4.55,2
209861,6.34,11.73,10.9,9.62,6.02,3
127074,5.35,6.85,10.38,5.4,4.76,2
136593,8.55,9.26,8.74,10.65,7.31,3
185892,5.77,9.09,12.96,13.84,6.14,3
128012,8.6,8,11.38,5.89,4.54,2
189729,4.08,5.63,12.1,6.68,6.84,2
155428,7.59,6.58,9.29,7.05,4.86,2
203701,5.07,9.62,10.5,8.57,7.89,2
123450,0.1,0.1,0.1,0.1,0.1,0
123450,0.1,0.4,0.5,0.6,0.7,0
123450,0.1,0.3,0.2,0.9,0.8,0
123450,0.2,0.1,0.2,0.2,0.2,0
123450,0.1,0,0,0,0,0
123450,0.5,0.4,0.6,0.9,0,0
123450,0.1,0.9,0.8,0.11,0.41,0
123450,1,0.4,0.8,0.9,0.77,0
123450,0.1,0.2,0.2,0.9,0.7,0
123450,0,0,0,0,0,0
145037,6.84,6.19,6.13,12.7,4.73,2
149710,5.23,5.05,4.81,8.18,7.07,1
144849,6.7,10.02,7.51,8.33,6.15,2
161756,6.85,7.5,6.97,10.28,5.93,2
113211,7.73,6.98,12.04,11.4,7.1,3
198989,7.2,12.51,8.57,5.21,7.26,2
179586,4.67,12.52,12.87,7.58,7.88,3
212311,8.99,8.97,8.58,8.07,6.09,2
209177,6.59,12.66,11.46,8.27,4.03,3
152161,7.11,5.58,8.09,11.95,4.66,2
161450,7,9.74,9.56,7.68,7.3,2
151543,8.59,5.44,7.98,8.59,5.35,2
199052,7.09,9.68,11.79,7.19,4.53,2
125053,6.54,13.53,13.16,7.95,6.21,3
151725,6.86,13.34,10.78,6.52,4.13,2
158626,7.84,8.81,11.76,10.42,4.69,3
198394,8.98,10.29,9.19,7.28,7.14,3
208901,7.87,10.46,11.68,5.41,6.23,2
213758,6.05,8.22,7.23,8.16,6.13,2
164078,8.31,9.55,11.89,11.91,6.56,3
183795,6.38,13,10.12,6.99,4.21,2
204267,8.91,7.6,7.24,12.74,6.5,3
208537,7.62,10,8.13,10.79,4.58,2
212431,7.27,12.25,8.05,7.49,4.32,2
211966,4.39,11.9,6.89,8.87,7.36,2
137603,4.51,12.64,11.6,11.42,6.45,3
181142,7.37,5.47,13.76,13.99,4.4,3
111793,7.79,11.02,11.24,8.41,4.52,3
117967,4.33,6.48,13.95,12.55,6.12,3
204458,5.36,13.79,7.91,4.52,6.56,2
116500,5.57,10.29,12.52,11,4.72,3
152235,6.1,13.84,11.84,6.35,5.28,3
150441,5.37,11.88,12.26,6.64,4.02,2
163372,6.03,11.11,5.95,9.38,5.39,2
155669,4.17,8.39,5.52,11.28,4.83,2
211970,8.56,12.92,7.41,6.22,4.54,2
119167,4.66,9.64,10.43,7.44,7.71,2
120656,6.41,6.32,7.75,11.1,6.8,2
168105,5.67,9.83,7.48,12.63,6.13,2
119686,5.89,13.4,12.46,7.66,4.41,3
175475,8.33,13.85,9.57,10.33,7.67,3
175858,5.89,7.35,11.94,10.16,5.44,2
204572,8.07,12.17,10.3,6.3,7.8,3
131598,4.8,10.44,11.45,7.84,6.33,2
183049,5.92,7.14,13.51,6.57,4.94,2
186543,4.25,7.5,10.44,9.06,6.78,2
197453,8.37,9.25,11,12.64,4.5,3
125934,5.49,9.7,4.2,8.67,6.76,2
198393,6.38,9.85,4.57,5.11,5.68,1
132671,8.05,11.26,11.69,6.26,5.51,3
164999,8.18,11.39,13.58,6.88,7.82,3
131449,5.86,12.75,5.45,5.38,5.59,2
189394,5.16,10,7.56,13.6,4.53,2
205997,7.77,7.67,12.77,7.48,7.66,3
182816,5.42,10.09,13.24,7.72,4.6,2
150469,8.12,9.69,8.46,4.02,4.93,2
128109,8.56,9.61,7.7,10.98,5.89,3
114758,6.44,5.88,11.78,13.55,6.54,3
128639,5.41,12.34,12.28,5.79,6.47,2
158348,8.43,8.66,6.57,5.6,7.19,2
135068,5.56,9.43,5.74,6.06,5.54,2
187070,6.25,12.72,8.59,12.94,5.39,3
182340,6.34,8.52,8.55,8.91,5.37,2
155252,7.94,11.89,7.38,12.2,6.36,3
180648,8.49,9.35,11.63,4.03,4.06,2
177947,4.6,11.6,13.76,6.91,5.81,3
139280,8.18,7.63,9.24,7.39,6.89,2
156573,5.43,9.69,9.93,9.88,5.96,2
152702,4.55,10.99,4.43,10.79,5.06,2
139867,5.17,6.64,12.44,4.55,7.98,2
154208,6.23,5.16,8.9,11.18,5.32,2
169548,5.07,5.72,5.11,8.56,6.15,1
129382,7.8,11.52,5.1,6.95,5.01,2
174941,8.28,10.6,7.62,4.86,5.57,2
149845,7.15,9.42,10.39,11.47,4.15,3
199388,5.18,5.86,11.12,11.51,6.7,2
165790,8.43,8.04,11.11,5.7,5.92,2
185292,6.94,13.02,8.03,12.1,4.32,3
146209,6.04,11.03,12.61,12.14,5.83,3
206057,7.72,8.32,4.81,7.61,5.31,2
179588,5.11,5.54,12.28,9.93,4.12,2
148787,6.37,11.57,8.56,5.5,5.66,2
186067,8,9.46,10.13,10.29,5.67,3
162853,8.79,8.54,5.84,7.35,5.13,2
204700,6.77,11.15,9.04,7.1,6.75,2
201956,4.75,13.4,10.59,4.78,5.65,2
203557,4.41,8.44,7.7,11.57,5.38,2
164130,6.57,7.1,8.41,5.73,4.84,2
137456,4.11,11.72,9.08,13.97,6.98,3
111321,7.18,13.71,13.59,5.6,4.33,3
140216,7.8,11.1,13.39,10.55,6.49,3
162977,5.28,6.84,10.3,6.8,7.84,2
207213,4.33,13.26,7.39,9.85,4.58,2
166113,6.37,5.84,11.92,7.05,6.69,2
123105,5.3,9.77,7.5,12.44,7.84,2
213696,5.72,7.61,12.5,12.57,7.56,3
199807,8.49,6.47,6.44,6.37,5.64,2
179212,8.6,13.75,11.55,10.12,5.42,3
120881,7.39,10.95,4.6,10.23,4.07,2
164138,6.76,12.68,11.25,11.55,6.27,3
206258,5.85,8.19,5.86,8.22,4.07,2
206892,6.64,9.64,11.57,11.24,4.27,3
209884,7.98,6.66,4.36,8.79,7.83,2
139281,8.51,9.29,10.98,4.31,6.81,2
114836,7.62,6.49,9.16,13.52,4.92,2
123387,8.76,10.42,13.95,13.92,7.31,4
207102,8.98,12.22,8.43,13.53,4.63,3
169694,5.86,11.68,8.53,6.17,6.06,2
187256,5.68,5.85,5.14,4.38,4.98,1
180998,5.53,9.14,12.91,11.84,7.22,3
191336,6.78,12.8,8.88,6.32,5.95,2
134744,5.4,12.94,10.21,5.56,6.42,2
140008,5.93,8.75,12.73,6.82,7.34,2
179956,7.91,7.22,10.54,10.02,7.5,3
157385,6.65,8.12,10.65,7.21,5.32,2
213466,8.85,12.1,8.64,5.22,7.63,3
192209,5.18,7.69,5.11,4.83,6.53,1
195209,4.95,10.73,13.01,4.28,6.06,2
142677,5.2,13.66,9.06,10.64,6.43,3
177283,6.51,7.81,11.88,4.68,7.28,2
191003,5.17,12.6,13.93,12.83,4.47,3
133933,5.43,9.37,7.33,5.14,5.23,2
135274,6.78,8.79,5.82,8.73,5.04,2
121345,4.43,8.16,6.69,9.8,5.47,2
146885,7.96,8.51,7.47,6.01,6.53,2
198894,6.08,5.13,10.4,5.07,4.91,1
171337,6.01,13.52,6.07,5.7,4.73,2
115995,8.83,7.51,11.66,4.54,6.53,2
127748,5.49,12.41,7.45,4.19,6.82,2
120185,5.67,5.4,5.65,13.1,4.66,2
157200,5.59,8.98,9.13,12.59,7.67,3
160845,4.75,9.87,7.38,11.37,6.04,2
125351,4.88,5.1,4.09,5.51,4.68,1
121316,5.08,13.13,7.91,8.18,4.48,2
125317,6.68,6.35,8.77,9.01,5.94,2
125006,6.7,8.92,13.28,13.41,5.83,3
149675,5.67,8.87,12.13,8.89,4.83,2
174308,5.2,12.76,4.09,7.45,5.67,2
112100,5.13,5.83,4.24,6.7,5.87,1
178589,7.88,9.75,12.19,13.16,7.07,3
213885,7.08,10.32,13.73,13.57,5.79,3
209300,6.7,5.76,13.06,9.44,6.14,2
129529,4.58,13.36,11.55,10.37,7,3
209930,4.41,6.68,13.01,5.99,5.76,2
130076,5.38,10.16,10.62,9.67,4.98,2
141451,6.23,6.85,5.34,11.06,6.23,2
146660,5.15,8.08,8.63,5.95,5.74,2
123259,5.11,6.34,6.34,7.48,6.55,1
153396,4.79,11.36,13.47,12.13,5.35,3
204950,4.58,11.5,5.57,13.29,4.98,2
141398,8.78,10.53,7.83,12.34,6.65,3
140163,6.57,7.2,6.38,6.74,5.28,2
161366,8.18,10.58,5.32,10.94,5.6,2
192142,5.09,12.52,8.95,7.47,4.33,2
209322,7.48,12.86,5.95,7.18,4.56,2
180609,4.84,7.02,13.3,12.27,7.04,3
196026,8.64,8.14,13.17,5.03,4.37,2
202776,6.51,9.87,5.72,9.04,6.88,2
199729,6.56,6.51,10.02,9.07,7.14,2
206123,6.93,7.89,10.35,6.58,7.6,2
205773,8.53,7.82,6.3,13.81,6.28,3
207351,5.86,12.85,10.7,8.76,6.2,3
111762,8.04,9.01,7.2,9.75,4.29,2
198701,4.01,8.98,6.82,4.14,7.73,1
140591,8.44,6.98,10.66,9.44,6.7,3
169755,7.61,5.81,10.08,7.48,5.66,2
140484,4.64,13.4,13.07,11.14,5.93,3
178895,5.19,6.57,4.62,13.63,6.49,2
130879,8.29,12.49,6.51,5.54,6.6,2
190579,6.4,10.66,11.34,7.69,7.01,3
190231,6.68,6.74,8.34,4.24,4.54,1
156585,6.91,11.41,11.5,11.02,6.06,3
170083,5.31,5.57,6.07,12.96,5.82,2
208027,8.31,10.6,13.12,12.69,6.43,3
210411,8.99,6.75,6.81,5.34,6.9,2
169706,5.59,6.9,4.76,5.26,6.65,1
153321,5.66,10.95,9.4,8.28,5.85,2
169025,7.79,6.37,7.91,6.66,7.03,2
193678,7.06,11.03,7.89,11.94,6.8,3
119516,7.66,5.49,13.75,9.65,5.69,3
134350,6.46,9.85,13.81,11.51,5.7,3
188365,4.26,10.15,9.05,9.9,8,2
123293,7.83,10.83,10.22,10.25,7.17,3
113600,4.57,6.5,4.29,11.48,4.54,1
208790,6.56,11.89,7.51,5.77,4.36,2
131215,4.81,5.12,10.15,4.17,6.93,1
180548,8.97,8.6,8.92,8.1,6.3,2
140857,4.58,7.18,11.27,5.81,7.39,2
131021,7.99,11.52,6.99,5.67,7.76,2
154130,5.82,5.27,6.29,13.75,4.81,2
200271,5.59,8.4,12.67,13.89,4.57,3
130856,4.49,8.6,9.34,12.05,7.85,2
194340,5.02,10.93,13.83,6.22,4.01,2
153810,7.22,11.69,13.22,7.89,7.31,3
202573,6.06,11.41,7.57,13.99,4.69,3
200241,8.03,12.08,4.31,8.79,4.34,2
125145,7.17,6.26,6.15,4.22,6.25,1
113077,5.02,13.76,10,4.68,5.24,2
126438,6.08,11.02,5.76,9.32,6.36,2
200293,7.88,5.5,13.62,11.86,7.13,3
139739,7.58,5.86,6.11,7.24,7.7,2
154190,6.92,12.5,10.06,4.95,6.27,2
158904,4.13,11.95,7,6.31,4.61,2
160461,6.04,9.67,11.87,4.08,4.88,2
190704,5.76,6.75,5.2,10.16,4.16,1
155939,6.03,9.08,9.42,6.77,5.01,2
187690,7.02,11.26,10.98,5.75,5.71,2
190098,4.36,7.71,12.16,4.82,7.25,2
191316,6.82,9.86,7.88,10.75,6.74,2
173970,6.48,11.31,11.52,9.09,6.61,3
202556,6.39,11.76,6.76,10.17,4.23,2
162823,6.41,11.88,4.87,11.25,4.2,2
204503,7.59,6.77,5.98,12.06,7.83,2
180663,7.27,9.6,4.45,9.94,4.51,2
113958,8.92,7.18,11.34,5.78,5.1,2
131532,5.85,5.35,11.53,7.64,6.56,2
171475,6.33,5.12,7.82,5.36,6.2,1
120419,6.36,9.71,10.47,10.72,4.61,2
204295,5.11,9.64,11.1,10.83,6.2,3
200223,7.62,9.04,4.59,11.52,6.99,2
180976,4.53,10.99,11.89,11.24,6.03,3
198090,4.22,6.9,11.6,11.26,6.61,2
206162,5.54,7.69,4.7,5.74,5.94,1
187567,4.79,13.55,5.22,11.35,6.36,2
205333,6.14,6.34,5.52,12.86,7.21,2
163839,7.94,9.13,6.6,4.72,7.83,2
182107,5.63,11.16,8.22,13.1,6.92,3
133435,4.19,8.9,4.64,8.5,6.58,2
159889,4.61,11.92,9.67,12.68,5.98,3
210619,6.12,9.09,11.47,12.44,5.87,3
155540,7.26,9.64,5.09,12.46,5.35,2
193516,6.06,7.26,12.46,11.33,7.27,3
137058,8.07,5.16,6.02,8.12,4.72,2
192194,6.09,7.12,11.59,9.12,7.49,2
179465,6.17,5.11,10.31,12.48,6.11,2
170022,5.29,7.98,8.46,13.6,5.23,2
131854,8.73,6.74,10.58,9.13,4.75,2
167495,5.32,8.1,8.02,4.37,5.15,1
145578,6.15,12.31,8.2,13.25,6.19,3
156540,7.62,8.75,8.6,7.89,5.24,2
154173,6,12.46,6.38,12.64,4.37,2
169253,5.73,6.11,12.98,13.95,4.65,3
201457,4.72,9.27,13.89,12.46,4.64,3
205939,6.22,5.07,9.84,5.23,4.83,1
114955,5.04,11.55,7.65,7.8,4.67,2
212997,5.68,9.21,5.49,7.69,6.8,2
190225,6.25,13.52,10.46,10.78,7.57,3
190795,5.3,6.47,4.84,9.53,4.37,1
177266,4.4,6.29,12.56,10.58,4.4,2
142794,5.82,11.6,8.14,4.58,4.38,2
184730,4.53,9.77,9.69,6.66,7.41,2
204008,4.82,5.78,12.46,12.82,4.47,2
144668,5.02,9.63,4.54,13.26,6.76,2
170532,5.58,7.83,5.68,4.95,4.85,1
165744,5.38,11.05,4.44,11.02,7.31,2
128152,5.91,7.03,13.78,8.34,6.5,2
177551,8.6,10,10.7,8.68,5.18,3
197126,8.59,11.34,11.43,5.12,6.6,3
172018,6.26,13.31,5.67,10.81,7.06,3
180024,6.61,10.3,9.39,11.21,7.3,3
210396,6.75,12.24,13.78,9.46,6.33,3
186731,8.61,12.39,5.13,12.66,6.07,3
127503,5.1,7.51,7.6,7.39,4.52,2
186586,4.08,7,5.46,7.9,6.5,1
204659,5.47,9.24,6.03,4.95,6.02,1
181261,4.41,6.18,5.16,11.63,6.45,2
214084,8.18,11.56,10.73,10.77,5.06,3
126909,4.02,12.02,8.01,6.72,6.54,2
123366,8.92,7.45,8.06,10.28,4.66,2
201151,5.8,6.16,9.51,10.74,4.83,2
182555,4.73,5.11,6.93,10.37,7.65,2
139091,6.98,13.72,4.63,5.2,4.13,2
116327,7.98,7.31,11.45,7.74,4.94,2
171719,4.2,10.42,5.09,4.46,4.79,1
118238,4.09,9.72,10.48,7.95,5.72,2
204706,5.77,13.09,12.86,11.42,4.08,3
213842,4.74,10.49,5.33,7.03,6.21,2
214403,8.8,10.55,12.61,11.67,5.26,3
146956,8.9,13.65,12.4,12.14,7.28,4
205063,6.16,12.59,9.39,6.09,6.99,2
174688,5.41,13.81,6.81,4.64,7.74,2
211188,6.07,13.77,5.42,13.81,6.97,3
214026,4.49,13.54,13.69,4.57,7.6,3
134702,6.44,11.71,9.61,9.83,6.26,3
140732,6.37,7,12.92,10.18,7.57,3
119420,7.17,5.5,13.81,9.98,4.42,2
124057,4.17,9.53,9.53,9.06,4.85,2
191160,6.19,12.14,5.43,12.61,4.53,2
132056,6.89,5.45,9.23,10.92,7.99,2
134782,8.24,12.28,6.31,9.37,7.41,3
128196,5.33,6.21,13.03,9.18,4.12,2
171332,5.86,5.05,10.18,13.81,5.51,2
170453,7.04,11.47,5.61,5.29,6.12,2
168333,7.89,12.72,5.65,13.25,7.38,3
177216,6.6,12.71,8.14,7.14,5.79,2
128977,7.43,11.83,7.93,4.48,7.45,2
184760,6.81,8.73,5.07,11.61,5.05,2
151077,5.56,9.96,5.39,6.31,4.03,1
170930,7.19,12.2,4.64,12.5,5.02,2
165462,4.98,13.98,13.43,11.22,7.85,3
113246,5.78,6.31,5.82,12.09,7.27,2
125781,8.13,13.73,13.96,8.78,5.66,3
143442,8.95,11.63,11.89,7.04,6.06,3
201558,8.98,10.45,11.05,7.94,6.22,3
146773,6.13,6.43,11.93,9.89,4.75,2
192526,4.9,7.28,10.91,4.73,4.05,1
136413,7.24,7.57,7.07,7.12,4.74,2
127331,4.58,13.15,10.91,12.43,5.23,3
158372,4.57,7.29,12.3,5.67,6.51,2
171074,4.66,13.47,12.19,11.09,7.97,3
125954,8.91,11.26,9.9,4.12,5.9,2
140720,4.49,13.73,8.82,10.19,5.37,2
185429,7.99,7.3,13.96,13.95,7.69,3
171806,7.53,7.79,7.44,6.49,4.27,2
164010,8.11,10.97,13.59,6.36,4.36,3
112509,8.69,7.23,8.97,4.26,6.99,2
211667,5.86,11.09,4.32,8.83,5.65,2
196012,8.29,10.72,4.69,9.41,6.32,2
174000,8.74,5.91,13.89,5.97,7.36,3
129366,5.45,11.45,7.72,8.17,5.08,2
132948,6.55,7.26,11.01,13.53,5.56,3
123481,6.7,5.84,12.6,10.39,7.62,3
155104,8.73,11.54,9.97,7.45,7.5,3
165374,4.99,13.95,5.33,10.72,7.76,2
199042,5.14,13.4,8.2,11.26,6.85,3
189391,4.08,5.86,7.14,8.34,6.87,1
210470,7.4,5.01,9.65,7.38,5.49,2
198346,8.29,5.78,8.49,11.78,5.8,2
170575,6.82,9.77,5.72,8.33,6.88,2
200532,7.44,7.27,7.89,13.4,6.68,3
160772,7.03,5.75,7.97,9.34,7.54,2
159779,4.61,13.65,9.7,13.81,5.04,3
156161,5.17,5.05,12.66,8.89,6,2
200442,7.21,5.84,13.22,12.86,7.54,3
190622,6.27,6.21,10.25,4.62,6.01,2
142567,8.08,10.87,8.36,9.2,6.45,3
205628,4.77,12.53,4.66,10.71,5.48,2
138580,8.62,5.07,10,13.99,7.18,3
131796,8.93,12.12,6.72,13.8,5.54,3
119201,6.6,12.02,8.65,13.88,7.95,3
138250,8.93,10.61,10.14,13.88,6.58,3
206544,8.44,10.82,4.25,11.47,6.58,2
191422,6.54,12.92,5.3,5.79,4.19,2
138508,5.93,8.09,8.77,12.21,5.48,2
123332,8.33,8.3,5.78,9.04,6.24,2
148640,4.68,10.57,10.92,5.73,5.36,2
157086,8.19,10.07,9.06,5.74,5.8,2
206890,6.04,9.63,12.46,9.12,7.78,3
185102,7.72,12.81,7.34,8.01,6.75,3
205582,4.56,11.65,8.77,12.43,6.63,3
151912,4.15,13.19,5.34,6.06,4.33,2
158957,7.47,8.05,9.72,4.83,4.86,2
132893,4.91,12.73,8.52,10.54,6.72,3
211232,8.37,9.41,11.68,8.39,7.22,3
210823,8,10.4,9.38,9.39,5.57,3
210981,8.71,8.33,13.77,6.01,5.26,3
181775,4.76,12.92,8.08,9.85,4.26,2
194353,8.79,5.66,11.81,5.09,7.46,2
129440,4.81,8.58,8.9,6.72,7.43,2
129599,7.29,11.6,9.35,13.02,5.92,3
170279,5.77,9.29,10.55,4.46,4.52,2
189134,6.42,11.57,11.68,8.29,7.85,3
209939,8.13,6.98,12.48,8.61,4.85,2
117161,5.34,11.29,10.67,9.73,4.21,2
138818,4.26,10.36,9.96,13.17,5.31,3
195591,5.33,10.35,5.63,13.43,7.27,2
214743,5.76,9.9,11.79,11.37,5.78,3
178422,4.95,10.68,12.66,14,4.76,3
181012,7.24,12.86,6.57,5.13,4.82,2
191803,8.78,12.29,9.35,7.2,7.45,3
194776,6.35,13,7.88,4.5,4.41,2
172128,8.03,5.21,7.96,8.89,6.3,2
194799,4.19,12.13,12.61,7.93,5.92,3
118098,7.52,12.66,12.92,5.81,6.12,3
191098,7.13,12.48,13.48,12.8,6.87,4
132161,4.48,6.96,4.75,6.07,7.3,1
213263,8.24,12.09,8.23,4.55,7.15,2
163698,6.88,6.8,4.76,11.65,6.82,2
127609,8.69,12.95,6.34,10.92,5.54,3
116906,4.3,10.38,7.96,11.65,5.33,2
179046,5.18,5.56,13.96,10.69,7.15,3
203212,4.34,6.97,5.64,7.86,7.58,1
178388,8.33,11.12,12.42,7.77,5.23,3
186811,4.7,11.27,11.2,7.57,7.27,2
150815,5.15,8.11,4.3,5.84,4.69,1
148753,5.07,11.87,10.74,6.23,4.2,2
144287,8.25,6.75,5.16,5.24,7.45,2
192318,5.27,6.5,11.49,9.91,6.79,2
138185,5.57,12.86,12.53,12.26,5.9,3
174419,8.84,11.38,6.81,9.76,7.32,3
132592,7.92,9.48,11.99,8.97,6.33,3
130324,7.81,6.83,4.74,8.12,6.17,2
122451,8.77,10.86,6.87,4.36,4.72,2
130778,6.77,10.26,6.97,13.39,7.18,3
111225,4.87,8.62,4.94,6.33,5.32,1
193332,8.79,6.39,5.2,9.45,4.67,2
197513,5.77,13.17,11.23,6.6,4.9,2
164739,6.44,12.35,13.6,11.15,5.39,3
142047,7.82,12.32,10.18,4.47,5.16,2
140200,4.55,7.3,4.64,4.31,7.89,1
162282,7.11,7.37,12.51,7.7,7.9,3
153346,8.13,8.34,12.78,5.83,7.22,3
124816,7.9,9.03,9.68,13.28,7.97,3
182607,4.89,5.81,5.94,13.26,6.5,2
128506,8.08,7.89,6.22,6.56,7.19,2
123254,5.22,5.15,11.36,9.9,7.75,2
174610,6.4,9.37,5.56,4.36,6.59,2
128154,4.43,5.9,8.8,10.45,5.86,2
154100,7.61,11.93,10.33,5.66,4.31,2
206767,6.71,11.45,4.87,7.34,5.78,2
152243,5.69,10.79,9.7,8.79,7.86,3
188840,6.34,10.73,6.08,10.83,5.32,2
169990,4.5,8.63,13.63,8.9,7.54,3
142135,4.11,5.55,6.71,5.14,5.42,1
143835,8.19,7.46,12.07,7.51,7.51,3
132929,8.98,5.64,7.79,7.96,4.35,2
163000,4.08,11.73,6.45,6.92,6.21,2
196902,6.09,5.72,13.48,7.32,4.54,2
175245,8.05,13.63,12.58,7.69,7.19,3
119699,6.05,7.03,12.23,10.91,7.97,3
173128,4.05,5.71,8.79,11.18,6.73,2
155081,8.94,8.9,9.16,6.53,6.74,2
111240,4.47,8.4,4.26,6.52,5.81,1
165069,7.93,13.8,11.12,5.49,4.91,3
170672,4.12,6.25,6.94,5.06,4.22,1
161655,5.32,12.74,6.29,12.22,7.23,3
173054,4.6,10.78,13.1,6.05,5.39,2
169110,8.81,6.63,8.11,9.25,5.59,2
154018,6.85,10.44,11.55,4.98,5.34,2
130013,6.64,5.4,7.33,13.35,4.51,2
137505,5.02,9.01,9.7,4.05,6.02,2
189783,4.63,6.27,11.11,11.41,7.53,2
192773,4.68,7.13,6.21,8.43,7.21,2
191695,6.99,5.11,10.26,12.26,6.72,2
135767,5.68,8.21,8.86,6.3,7.25,2
187454,6.54,11.57,10.13,13.83,7.63,3
141555,7.78,11.17,13.42,13.01,4.92,3
144280,8.76,8.42,8.45,9.58,5.19,2
208883,4.98,6.41,8.05,5.8,4.07,1
178284,8.33,7.76,8.63,11.2,4.14,2
148035,4.41,7.48,9.26,11.05,6.49,2
127009,5.11,6.32,9.11,9.29,6.08,2
155087,8.65,8.7,5.4,12.78,7.9,3
191732,8.31,9.74,12.08,5.12,4.08,2
139780,7.52,9.82,13.81,11.34,4.27,3
175019,4.1,12.25,4.32,11.85,4.94,2
161927,7.37,8.95,12.48,13.08,5.68,3
151082,4.63,8.54,11.92,9.81,6.75,2
182732,8.84,12.31,4.68,4.71,5.89,2
128331,5.02,7.43,6.22,7.79,5.92,2
119946,7.98,11.09,9.6,8.28,6.37,3
146344,5.62,13.6,11.99,13.39,6.49,3
155428,4.28,13.16,12.67,11.73,5.83,3
143039,5.9,5.74,9.82,7.99,7.84,2
115296,5.95,10.91,13.33,4.41,4.18,2
203892,4.81,10.84,11.06,5.94,6.18,2
196945,4.33,7.85,13.28,11.52,6.12,3
147851,4.82,10.02,5.26,6.42,4.99,1
183026,6.46,13.1,4.05,12.92,7.01,3
132349,8.72,7.09,11.5,12.61,7.87,3
153376,4.65,5.78,8.15,5.1,7.68,1
162554,8.07,9.01,8.78,12.71,6.84,3
185984,5.79,10.87,10.79,7.44,6.45,2
206907,8.54,11.91,12.77,8.44,7.36,3
161460,8.91,5.29,9.6,12.11,4.56,2
172962,8.52,8.81,5.83,9.26,6.31,2
113260,7.19,7.34,6.31,11.71,6.4,2
159241,4.84,5.44,7.52,12.74,5.55,2
120586,4.97,8.68,9.75,6.89,6.03,2
170338,7.32,6.86,6.57,8.39,7.93,2
193723,7.93,9.38,13.88,12.28,4.07,3
155609,8.27,10.49,9.86,11.27,4.89,3
214357,7.48,12.55,9.99,7.93,5.87,3
168661,6.62,11.84,13.18,9.7,5.34,3
156282,7.99,8.21,11.53,8.37,6.54,3
154113,6.12,7.37,6.68,6.17,5.61,1
115849,5.84,13.63,9.71,4.08,6.08,2
145791,5.09,11.44,6.17,12.07,7.87,2
157689,4.2,10.77,11.7,10.85,4.55,2
183754,7.23,5.37,5.07,12.83,5.17,2
146746,4.42,13.65,11.31,8.17,4.66,2
181833,6.08,12.56,12.95,4.26,6.28,2
146247,8.55,10.21,12.62,7.04,6.31,3
190095,6.31,8.96,4.04,7.85,5.6,2
124731,7.77,8.81,8.63,9.97,5.06,2
166467,5.93,10.19,13.73,5.23,6.39,2
121548,6.76,8.98,6.18,12.64,5.53,2
153195,8.17,13.83,5.71,5.74,7.1,2
210432,5.31,5.55,10.34,4.85,5.24,1
196907,4.53,11.04,12.91,10.54,5.74,3
184786,4.86,13.75,12.35,4.86,6.67,2
152130,7,10.35,7.79,5.52,7.43,2
178011,5.9,12.69,11.47,8.57,6.64,3
185580,7.57,12.36,4.88,5.47,7.01,2
148206,5.37,12.12,10.16,11.51,7.59,3
191576,4.9,7.94,8.6,8.53,7.96,2
188028,6.51,13.67,6.3,7.89,7.44,2
115969,4.57,10.73,12.6,4.68,4.98,2
177651,4.95,9.47,13.33,10.72,5.41,3
133196,8.48,10.14,4.03,8.42,7.59,2
146552,6.66,11.75,8.53,10.6,4.94,3
148651,7.1,13.21,8.48,13.08,4.53,3
207708,6.33,7.49,4.33,13.31,7.56,2
202813,7.12,5.65,8,4.01,6.61,1
190870,8.54,8.45,6.81,4.96,7.21,2
126807,4.09,7.77,4.57,13.73,6.1,2
134621,5.7,11.55,12.04,4.45,5.2,2
193531,7.38,8.24,9.6,10.74,4.76,2
190592,8.23,7.92,5.19,12.53,5.89,2
210914,8.48,12.14,8.13,10.74,4.25,3
165426,5.82,8.24,12.48,9.67,6.16,2
174632,7.71,7.27,13.97,7.71,6.59,3
182363,4.8,13.14,12.95,4.51,4.07,2
172220,4.18,7.67,11.99,7.08,7.98,2
126841,4.76,8.08,6.81,11.03,5.5,2
195167,7.3,6.51,8.46,11.73,7.43,2
152268,6.52,8.52,11.81,5,4.18,2
208631,6.01,12.38,10.02,8.83,7.23,3
146209,8.63,7.09,9.45,9.94,7.05,3
181110,4.21,9.14,8.76,11.26,6.65,2
123285,4.3,11.86,8.42,12.43,6.14,3
142966,5.35,7.01,4.86,8.64,5.93,1
132711,5.8,7.91,13.42,5.38,4.37,2
161771,4.03,12.25,6.46,10.26,7.07,2
126657,5.86,7.06,12.58,9.97,4.36,2
185151,4.97,7.43,7.21,9.8,6.35,2
113390,6.93,10.12,9.82,12.07,6.51,3
151521,6.58,13.5,8.05,6.11,4.05,2
198223,6.11,7.24,9.39,12.95,5.15,2
195730,6.98,8.21,8.26,11.69,4.56,2
176326,4.1,13.25,9.08,10.86,5.12,2
207813,8.12,13.49,13.22,11.41,7.1,4
200136,6.56,10.96,6.5,13.24,4.29,2
208818,4.31,12.91,5.33,13.43,5.13,2
200842,6.44,5.62,10.72,6.18,6.35,2
188768,7.62,8.56,6.84,13.79,5.1,2
133840,7.27,7.91,13.87,12.39,5.09,3
213493,4.85,12.7,8.59,10.67,4.58,2
195202,6.95,7.41,8.53,13.67,4.35,2
128222,7.75,5.06,11.27,12.53,5.72,3
214650,5.88,5.29,12.32,4.82,4.8,2
169321,7.71,5.13,11.81,10.87,4.61,2
169046,5.2,12.67,10.56,4.88,7.85,2
144675,5.9,12.29,12.31,10.4,6.28,3
124897,5.2,11.29,9.12,12.07,6.3,3
198847,6.87,12.51,11.44,11.62,4.36,3
167958,6.04,8.93,13.31,10.97,5.84,3
125680,6.7,11.51,9.36,13.87,4.34,3
191304,5.66,12.03,9.5,9.22,4.07,2
212667,7,13.98,4.52,8.85,4.9,2
130411,7.97,5.95,8.28,6.08,6.9,2
198717,4.24,10.07,13.93,5.68,7,2
122423,5.78,5.91,6.57,7.28,6.59,1
171166,4.24,6.37,13.01,6.95,7.83,2
143137,8.09,8.1,7.48,5.4,7.06,2
202169,4.26,9.62,7.33,4.34,7.18,2
193684,8.89,12.4,6.22,10.32,5.52,3
170508,7.94,10.94,12,10.59,4.6,3
176300,6.12,5.01,4.15,5.4,7.42,1
212303,6.08,12.17,11.74,9.71,6.34,3
133971,8.03,12.24,5.28,13.95,4.77,3
211277,5.45,10.13,9.67,13.02,7.47,3
121872,6.87,8.93,10.84,9.74,6.9,3
168302,4.94,8.94,12.12,8.35,6.87,2
130322,8.71,9.26,13.14,7.74,4.45,3
152318,5.96,6.13,12.06,13.91,7.77,3
157732,8.81,6.96,12.63,6.22,6.02,2
122916,4.32,9.75,6.37,11,7.71,2
159360,6.73,10.15,10.1,4.49,5.9,2
213278,6.38,8.41,6.94,5.27,6.18,2
162257,8.48,5.53,10.2,5.41,6.45,2
131768,4.67,12.65,4.42,8.54,7.76,2
198927,6.19,10.49,13.42,11.79,7.51,3
191490,6.35,13.71,7.83,4.37,6.54,2
154136,8.3,9.77,11.41,4.12,5.9,2
175335,7.54,8.66,6.04,10.29,6.47,2
191690,6.68,5.91,9.91,4.19,5.14,2
167187,5.37,13.11,11.02,12.74,6.39,3
152525,5.04,6.21,9.11,13.03,7.45,2
137061,6.33,10.82,4.33,12.5,6.46,2
207106,6.37,8.44,11.1,6.43,7.94,2
210299,4.92,7.25,5.52,11.83,5.93,2
134520,8.3,10.12,4.1,10.64,6.82,2
154317,7.15,6.27,13.79,8.74,7.75,3
122428,5.22,8.9,12.47,13.59,5.9,3
126189,7.91,11.71,10,8.57,6.1,3
131562,7.06,13.99,9.15,6.84,6.58,3
191175,4.55,11.09,7.68,12.4,4.56,2
117865,8.73,7.46,7.6,11.81,7.83,3
159724,4.83,9.74,7.89,9.52,6.73,2
163700,4.27,12.78,13.62,11.55,7.77,3
146980,6.44,6.2,5.73,6.87,6.44,1
178349,8.34,5.27,12.18,8.12,5.51,2
162284,7.63,13.92,6.33,9.31,6.71,3
184084,5.38,6.26,10.69,4.56,5.38,2
207452,8.63,10.19,13.51,4.43,7.56,3
111153,7.64,6.44,5.19,10.73,7.01,2
200964,5.94,6.38,13.19,12.25,7.33,3
119205,7.04,12.92,13.52,12.66,4.83,3
127218,8.75,12.96,5.33,12.58,4.18,3
125742,8.3,9.51,9.95,5.03,7.75,2
116373,7.87,12.19,10.39,10.12,7.81,3
131580,7.72,6.82,8.21,13.96,5.34,2
213490,4.62,9.76,10.32,8.5,5.44,2
205241,7.1,10.64,9.92,4.53,7.18,2
206847,7.04,11.97,6.99,11.91,7.4,3
159898,5.37,8.8,11.53,11.61,5.95,3
205739,5.4,6.07,5.14,9.88,4.2,1
117501,4.74,8.62,6.45,6.57,5.64,1
151800,7.53,13.21,10.3,10.92,5.48,3
177659,5.64,12.92,9.4,6.1,5.38,2
176285,6.73,10.07,12.45,9.74,4.79,3
197308,5.92,8.58,11.24,12.58,7.81,3
187946,6.73,5.82,7.7,11.89,6.89,2
150564,7.73,8.18,8.28,7.36,4.18,2
174031,7.24,6.34,11.27,7.02,5.36,2
153532,5.19,6.93,12.12,11.97,4.35,2
172058,8,12.2,8.94,5.01,6.68,2
164574,5.3,10.94,8.36,6.37,4.66,2
161322,5.71,5.16,6.65,12.49,5.16,2
137902,6.53,8.32,6.46,10.01,7.07,2
137852,5.23,5.16,8.1,13.13,4.58,2
212606,8.34,5.22,8.77,13.83,5.98,2
124722,7.79,7.86,12.37,13.6,6.13,3
138635,8.77,11.63,9.83,12.59,6.99,3
206632,7.5,11.07,11.1,4.82,6.76,2
140874,5.48,8.92,10.22,9.3,4.42,2
146458,6.19,9.59,9.74,11.91,6.54,3
168803,6.82,6.53,5,11.77,5.89,2
188292,6.06,12.74,12.93,5.95,4.35,2
129844,4.92,10.33,11.59,4.34,4.72,2
157692,7.63,9.5,9.76,4.13,7.06,2
204458,5.32,12.52,5.22,9.37,6.58,2
195551,6.98,9.2,11.47,4.62,7.66,2
120549,7.41,8,13.17,7.4,5.58,2
151343,6.18,10.96,4.88,5.15,5,2
183378,6.45,8.63,8.92,5.75,7.31,2
121844,6.37,10.49,7.03,11.74,7.47,3
152251,6.53,13,13.88,4.18,5.9,3
134576,8.01,6.66,7.83,5.21,4.39,2
138287,5.62,12.47,7.26,8.14,7.59,2
183521,5.56,8.93,4.4,7.43,6,1
205252,8.62,8.89,7.33,7.82,5.58,2
143526,5.93,10.31,5.4,4.68,4.86,1
200612,6.96,9.65,8.73,7.72,5.53,2
131207,4.41,12.29,12.85,6.53,7.18,3
119710,5.55,13.61,8.54,12.14,7.5,3
195962,8.46,6.22,9.49,6.5,4.3,2
199848,8.85,8.73,11.26,8.81,4.33,3
117542,4.23,8.22,11.32,10.68,6.26,2
211923,4.18,12.39,8.45,4.96,6.44,2
214393,5.05,13.35,10.32,11.51,7.01,3
209306,6.4,11.79,9.52,10.7,5.81,3
121627,8.54,6.27,5.66,11.61,5.49,2
163143,6.13,11.69,9.5,4.35,6.44,2
172372,8.46,11.73,11.56,4.67,5.89,3
114777,4.13,10.63,11.64,5.99,7.53,2
214303,4.38,5.34,10.79,6.69,6.76,2
145612,6.21,13.48,6.7,4.52,7.65,2
127991,4.08,12.01,13.91,8.12,7.77,3
179276,4.71,12.33,8.5,6.96,4.19,2
123450,0.1,0.1,0.1,0.1,0.1,0
123450,0.1,0.4,0.5,0.6,0.7,0
123450,0.1,0.3,0.2,0.9,0.8,0
123450,0.2,0.1,0.2,0.2,0.2,0
123450,0.1,0,0,0,0,0
123450,0.5,0.4,0.6,0.9,0,0
123450,0.1,0.9,0.8,0.11,0.41,0
123450,1,0.4,0.8,0.9,0.77,0
123450,0.1,0.2,0.2,0.9,0.7,0
123450,0,0,0,0,0,0
117504,8.38,6.82,13.17,7.57,7.4,3
187022,5.64,12.42,9.95,7.48,4.77,2
178414,5.59,7.55,6.44,8.67,7.37,2
132781,6.65,13.91,6.47,9.44,6.4,3
204968,5.47,5.17,12.09,6.75,7.38,2
205769,5.35,5.06,6.26,7.09,4.52,1
145409,7.41,13.25,12.13,4.02,6.03,3
145601,5.35,7.64,13.73,13.51,6.22,3
196214,4.39,8.02,12.95,8.6,5.52,2
120857,8.46,6.89,9.1,4.13,7.25,2
193207,5.88,6.47,5.15,6.6,6.37,1
176126,6.83,6.73,11.92,10.69,4.75,2
147929,8.69,8.42,10.54,7.58,6.53,2
142565,8.59,9.73,6.7,4.55,6.06,2
208353,7.81,6.82,12.79,6.21,7.13,2
187485,8.26,13.4,9.56,12.32,6.06,3
125597,7.91,8.3,4.01,13.33,4.27,2
143638,8.7,13.5,12.65,11.27,7.65,4
199811,5.94,8.33,6.85,6.54,6.28,2
167017,8.13,7.85,12.61,5.27,7.29,2
166606,5.72,10.82,8.46,6.78,4.17,2
169520,6.72,7.1,6.02,13.25,4.44,2
142942,7.52,6.74,13.73,13.48,7.31,3
161413,8.41,6.56,7.02,7.76,6.03,2
164711,5.88,5.91,6.75,6.64,5.7,1
118034,4.3,8.08,11.93,11.77,6.89,3
194946,7.24,11.77,12.25,10.21,5.87,3
149565,6.63,12.93,8.05,8.35,6.81,3
164184,7.84,7.47,10.39,6.52,6.75,2
212740,8.75,11.65,6.31,13.76,5.63,3
150959,6.25,5.61,12.5,9.15,6.41,2
197180,4.23,6.94,12.75,11.78,7.69,3
121192,8.24,8.77,6.73,7.02,5.42,2
150358,4.72,8.55,12.11,9.6,6.88,2
214730,7.35,5.28,11.07,9.43,5.39,2
204457,5.63,11.76,12.87,8.12,5.28,3
214082,5.12,8.52,11.43,10.21,6.61,2
164106,7.86,7.34,8.12,10.29,7.72,2
173527,7.32,9.99,9.27,8.77,7.06,3
122747,6.84,12.3,7.84,12.85,4.05,3
127878,4.25,6.33,8.22,6.59,4.54,1
208292,8.87,11.1,4.17,6.52,5.13,2
135795,4.43,13.01,11.13,7.64,4.04,2
159789,6.38,10.77,4.51,8.88,4.82,2
144278,7.65,8.68,13.72,13.09,6.34,3
182065,7.36,12.84,10.67,8.62,6.9,3
138057,4.11,6.09,10.6,7.79,5.96,2
170393,4.15,10.55,12.07,13.83,6.95,3
139806,4.07,13.68,10.44,4.24,4.95,2
125132,5.57,5.91,7.3,5.83,4.46,1
162929,4.23,8.74,10.15,9.46,5.68,2
154902,5.74,6.97,5.43,6.28,7.48,1
206992,4.38,6.08,7.94,12.19,7.04,2
180607,7.01,8.11,11.18,11.94,6.69,3
177368,6.71,8.28,4.19,8.24,4.3,1
146911,4.95,10.21,6.65,4.19,7.11,2
116178,5.31,5.49,9.74,6.8,5.11,2
201465,7.67,13.12,12.48,13.77,6.48,4
187503,9,8.23,12.64,11.02,5.8,3
146834,4.6,9.89,9.41,12.06,5.57,2
143345,5.64,8.35,11.96,6.93,6.5,2
172911,4.61,8.68,12.49,11.6,7.41,3
134672,7.35,5.51,7.8,6.68,6.75,2
210413,4.71,6.03,9.73,10.84,6.27,2
214677,5.45,7.81,11,10.08,6.25,2
136546,8.07,13.71,6.41,13.92,4.22,3
204846,6.14,6.64,11.48,10.59,5.67,2
136130,4.32,13.22,13.78,9,6.6,3
121473,4.32,5.77,8.71,7.29,5,1
208055,7.76,10.38,5.98,13.08,4.37,2
153802,6.88,12.11,4.59,11.12,7.38,2
197610,5.12,12.22,6.66,6.89,6.2,2
186564,8.83,12.78,12.73,13.81,6.64,4
146690,4.7,6.57,10.66,6.41,6.01,2
168251,7.09,10.84,4.99,13.2,7.52,3
172238,4.37,6.5,5.91,6.25,6.87,1
115637,6.86,11.73,10.9,9.59,6.16,3
145951,5.25,6.53,6.41,12.96,4.94,2
166065,5.62,7.75,7.41,4.56,6.22,1
128882,5.35,13.94,5.68,4.16,6.74,2
181045,6.71,9.47,9.29,5.74,6.07,2
192108,5.82,6.49,11.24,10.25,7.38,2
203700,4.31,8.19,12.73,13.97,6.44,3
116013,8.92,5.97,13.49,13.59,7.03,3
146281,8.34,11.18,5.51,13.75,7.1,3
152415,4.74,6.4,13.21,11.04,5.93,2
185662,7.66,11.31,12.33,8.07,7.58,3
166261,6.03,9.08,5.68,12.51,7.8,2
158017,6.82,6.81,12.16,13.62,5.69,3
129903,4.13,5.24,5.08,10.86,7.34,1
163553,7.94,13.85,12.97,12.45,4.87,4
131660,5.71,9.19,6.03,8.36,7.14,2
120617,7.66,7.81,12.59,12.89,4.17,3
189604,8.82,12.46,6.94,8.66,7.51,3
146360,4.39,7.88,9.18,5.38,4.23,1
209856,4.64,11.32,5.11,7.53,6.05,2
162342,7.14,10.59,8.72,8.58,6.02,2
201000,4.67,7.61,9.86,9.78,7.19,2
196379,6.51,12.66,7.12,11.32,5.14,3
204671,7.81,13.71,9.58,5.54,4.78,2
128057,8.13,5.75,13.05,6.88,7.41,2
173287,7.76,6.2,6.36,10.2,5.87,2
166939,7.81,11.57,7.25,5.2,4.22,2
142789,5.66,10.34,13.5,9.13,4.67,3
209433,6.29,8.68,10.61,6,6.09,2
164401,5.21,10.58,9.14,8.36,7.67,2
115244,8.15,13.92,5.78,6.67,7.19,2
184649,7.85,12.55,6.64,8.35,6.58,2
154158,8.63,13.89,13.1,5.62,4.68,3
195365,4.18,5.94,13.55,6.46,4.33,2
114743,7.41,13.62,13.2,7.6,7.84,3
160687,5.19,6.2,8.17,8.95,4.34,2
197597,7.11,13.32,13.83,12.88,5.5,4
159067,8.71,11.67,13.05,9.9,6.78,3
200078,8.06,13.67,9.15,4.48,5.16,2
122647,8.7,12.28,5.97,8.73,4.45,2
180085,4.29,12.99,11.69,13.29,7.04,3
165081,5.87,8.5,9.07,6.12,6.69,2
208110,6.71,11,9.34,12.29,4.65,3
184794,6.08,5.53,7.54,8.35,6.45,2
126869,6.73,9.06,13.27,5.84,5.13,2
187882,6.08,5.87,13.44,4.16,6.68,2
165110,5.74,7.44,10.61,6.09,6.22,2
152520,8.01,10.27,12.99,5,4.35,2
124804,6.43,11.33,5.41,10.35,7.4,2
147164,4.95,13.48,5.83,11.01,6.66,2
128638,5.7,5.91,11.93,7.22,4.46,2
144384,7.32,6.77,12.57,6.88,7.34,2
188352,5.59,11.08,9.67,8.53,7.11,2
201425,7.9,6.14,11.01,6.44,6.09,2
120113,7.21,7.71,13.28,13.07,7.01,3
197294,7.86,5.47,9.83,13.44,5.38,2
116823,4.4,12.11,5.59,5.84,7.89,2
188186,6.28,13.14,13.05,9.15,5.92,3
197983,8.99,9.03,5.8,4.5,6.24,2
184781,7.48,5.23,8.94,7.83,7.36,2
180555,5.67,5.89,8.99,12.77,6.11,2
182770,5.29,11.77,5.12,5.11,5.73,2
193062,4.48,9.98,6,4.09,4.55,1
157528,7.24,8.97,7.04,10.4,4.58,2
195644,7.71,11.62,10.06,9.28,5.66,3
180604,5.14,5.25,5.79,5.88,5.54,1
208021,6.31,7.55,4.54,13.59,5.69,2
131079,5.27,9.81,11.84,6.8,5.05,2
190953,6.82,6,10.74,7.29,7.61,2
124566,6.86,8.08,11.1,12.85,6.49,3
167382,4.96,7.66,5.81,6.36,4.81,1
159526,8.18,11.01,5.86,13.21,4.55,3
207565,4.81,9.18,9.51,10.18,4.82,2
142455,4.23,7.84,7.16,10.78,6.34,2
183611,6.92,5.58,9.06,4.31,4.09,1
198766,7.67,8.13,5.9,4.65,7.63,2
178598,8.58,10.41,13.75,12.05,6.53,3
181030,6.92,11.43,11.24,13.5,4.95,3
196982,6.21,11.7,8.38,7.6,6.58,2
182701,6.16,8.57,12.38,9.02,6.03,2
121254,6.95,8.83,12.83,11.58,5.22,3
176764,6.31,9.46,5.28,5.53,6.81,2
196458,8.56,10.06,4.87,7.65,5.13,2
136957,8.44,11.38,8.8,4.72,6.87,2
154790,6.52,13.7,10.36,11.59,6.36,3
119703,6.81,12.18,10.78,13.41,7.43,3
159995,4.28,8.88,9.05,11.79,5.41,2
115923,6.87,10.22,8.93,5.69,6.22,2
205162,6.23,11.84,5.94,11.24,5.29,2
121879,5.72,12.36,12.11,12.72,4.27,3
197176,7.05,8.04,7.97,8.76,5.39,2
148385,6.54,11.48,13.26,9.61,6.19,3
112535,7.04,13.2,4.38,12.34,7.16,3
174431,8.08,6.65,12.8,12.98,7.03,3
162937,7.5,5.2,12.03,5.39,5.17,2
113616,5.44,7,9.25,4.81,6.9,2
127414,7.43,10.27,5.23,9.84,6.06,2
126129,8.26,11.45,10.84,4.81,6.56,2
154326,5.64,12.16,5.94,13.61,7.69,3
213602,6.62,7.72,10.85,5.11,5.09,2
152711,7.76,10.8,11.74,9.31,7.78,3
146714,4.05,13.05,5.97,7.56,5.18,2
193098,6.96,8.24,11.54,4.87,7.18,2
124079,5.95,12.61,13.24,4.92,7.71,3
125345,6.32,6.37,9.27,8.39,7.35,2
153008,6.92,12.43,13.1,13.28,4.02,3
156802,6.6,6.43,6.92,13.98,6.5,2
169626,5.87,8.54,8.98,9.3,5.45,2
139800,8.09,9.37,10.4,4.59,4.98,2
133966,7.99,12.49,7.79,8.61,5.56,3
116477,8.28,13.44,11.03,10.85,5.42,3
165492,5.25,8.93,5.86,13.82,6.48,2
192497,5.1,12.62,8.02,8.22,7.73,2
180369,4.47,8.33,9.33,4.89,7.01,2
212245,4.8,11.91,5.45,11.23,5.98,2
114815,5.76,6.25,4.15,9.93,5.25,1
202772,4.2,9.54,9.44,4.64,6.45,2
174956,7.9,9.09,4.13,11.72,5.09,2
132534,6.14,6.67,6.34,10.35,4.24,2
164934,4.96,13.16,13.29,10.97,7.86,3
133234,4.14,10.11,11.21,6.68,6.78,2
123003,5.72,12.84,9.46,13.68,4.31,3
198820,7.39,6.47,12.6,10.24,7.64,3
192770,8.16,5.18,7.24,6.91,7.7,2
132454,7.76,13.84,8,7.09,4.32,2
132650,5.08,8.97,6.39,4.34,6.2,1
138946,6.02,5.29,10.29,7.81,6.43,2
180395,4.81,12.98,6.05,4.5,7.57,2
158653,8.18,7.58,5.44,12.56,5.21,2
209341,4.39,7.91,11.75,10.77,4.55,2
134938,4.53,12.65,7.65,11.69,7.97,3
186411,8.54,12.94,12.49,5.01,7.34,3
174181,8.03,13.88,7.96,5.7,4.45,2
119251,7.37,9.75,7.68,13,6.48,3
158705,8.3,13.91,6.7,4.29,5.63,2
210213,5.83,13.67,6.5,8.15,5.73,2
121639,4.07,7.69,12.39,5.45,5.01,2
185930,6.46,12.67,11.69,13.58,7.06,3
165594,7.27,7.68,8.29,8.13,4.28,2
161308,4.32,13.9,4.31,6.77,7.84,2
164058,7.61,12.45,6.21,9.46,7.95,3
186287,4.87,12.02,6.36,10.94,5.13,2
174939,8.27,8.75,12.19,13.99,7.2,3
179091,4.82,7.99,7.15,5.42,6.54,1
117479,5.34,7.38,9.46,11.84,6.34,2
183254,8.58,10.14,12.42,9.77,6.15,3
154515,6.96,6.48,4.99,12.88,4.57,2
213118,7.58,11.78,5.39,9.39,5.91,2
182686,8.19,5.19,6.15,8.69,7.03,2
134147,6.96,8.29,10.86,4.12,6.22,2
152503,5.94,10.26,13.36,10.92,5.64,3
112109,6.7,11.58,9.07,12.22,4.75,3
179865,8.94,9.58,9.37,11.76,5.47,3
183141,7.64,9.58,11.39,13.78,4.88,3
134409,7.45,7.28,10.78,12.79,7.37,3
120871,5.86,9.12,11.89,5.32,5.83,2
133114,6.95,10.66,7.26,11.76,5.73,2
154927,7.12,11.83,6.94,11.36,6.03,3
122145,7.64,7.68,7.88,9.33,4.53,2
127666,7.94,6.58,5.67,13,6.87,2
118098,6.84,10.21,13.17,11.43,6.6,3
127526,7.86,13.18,13.18,12.64,4.95,3
189927,8.31,11.77,8.35,13.37,6.12,3
111124,8.26,8.51,5.58,13.28,5.66,2
148464,4.14,10.78,7.42,7.18,4.31,2
138980,5.73,7.22,13.86,10.74,7.11,3
120420,4.89,13.62,6.37,8.37,7.22,2
132595,7.42,8.38,9.75,4.42,4.51,2
212391,8.59,13.8,7.43,12.66,5.84,3
178070,7.49,9.15,5.58,8.57,4.28,2
118471,4.96,6.7,9.16,6.81,5.95,2
177800,6.13,10.18,5.36,10.6,6.98,2
204553,5.41,11.7,9.92,11.72,6.76,3
153151,7.88,12.28,8.44,9.31,6.21,3
128560,7.3,7.75,12.1,4.15,5.18,2
206368,7.61,7.93,8.54,6.03,4.14,2
159574,7.72,9.38,6.67,6.81,6.43,2
116480,5.43,9.25,12.4,8.46,4.51,2
117722,4.56,10.9,12.43,12.87,5.14,3
120607,8.2,12.87,13.64,9.53,6.77,3
214052,8.39,13.37,10.58,7.93,5.99,3
167253,6.64,7.61,5.71,13.13,6.92,2
168922,7.26,8.42,5.97,6.33,4.22,2
169413,7.83,6.46,9.38,7.57,4.56,2
176023,6.59,10.96,12.43,6.86,4.35,2
149055,5.94,12.55,10.98,8.83,5.54,3
139506,8.3,11.43,7.92,10.93,4.46,3
205605,6.47,10.19,6.33,6.63,4.29,2
185589,5.48,9.78,12.71,10.91,4.58,3
197839,8.2,7.72,10.4,11.51,5,3
208305,7.34,13.59,7.79,8.19,6.47,3
206299,5.23,12.9,13.46,8.69,5.72,3
154087,6.31,8.24,11.08,12.76,6.84,3
115112,6.95,5.56,13.48,7.9,7.82,2
154090,4.85,9.23,11.26,6.05,7.22,2
208225,8.89,5.9,7.71,7.13,4.17,2
151447,4.93,6.69,8.09,8.23,6.64,2
175200,4.93,12.9,9.66,12.08,5,3
162517,7.53,6.71,13.01,5.77,7.59,2
111390,5.76,13.8,9.55,4.35,5.04,2
209973,4.81,6.25,9.17,7.26,4.04,1
150723,5.32,10.81,8.97,13.54,5.18,3
135396,8.57,5.38,12.73,11.31,6.44,3
161259,5.53,9.62,4.48,5.79,4.79,1
151754,4.54,10.44,6.5,4.2,7.66,2
154332,6.42,5.91,8.31,10.23,6.17,2
147985,7.93,6.56,13.09,8.39,5.65,2
198957,4.84,8.94,4.7,12.08,6.94,2
177034,5.29,9.91,6.45,5.53,5.77,2
213861,4,12.88,12.23,5.93,7.74,2
175492,5.01,7.87,10.1,6.21,6.02,2
179416,6.42,6.76,4.81,11.59,6.17,2
207974,6.68,11.23,10.05,5.46,6.29,2
196612,8.93,6.47,4.99,12.97,5.01,2
206722,8.45,10.4,5.51,6.02,4.99,2
126209,7.33,6.32,11.84,9.11,5.31,2
183469,6.53,11.56,12.46,4.98,4.79,2
160953,6.84,8.85,6.11,5.37,6.68,2
181822,8.68,12.66,10.79,5.42,4.15,2
198169,6.49,6.13,9.24,8.88,4.4,2
212609,7.77,13.98,11.23,8.89,5.98,3
186499,8.77,5.45,11.79,6.72,4.9,2
192245,7.02,7.36,6.8,7.17,6.4,2
122501,5.09,13.29,10,5.98,5.24,2
121304,5.97,6.24,13.53,10.73,4.57,2
197671,6.05,7.26,7.23,4.31,4.69,1
171039,4.12,9.7,9.16,4.27,4.2,1
188470,8.37,6.21,13.6,7.05,4.65,2
186487,6.98,5.88,7.45,8.69,4.96,2
183755,7.71,10.19,11.82,8.45,4,3
196241,7.67,6.62,10.08,5.09,4.16,2
173670,7.17,7.69,10.52,9.94,5.9,2
130277,8.93,12.88,12.59,7.59,5.68,3
169914,5.54,7.05,8.94,8.03,7.94,2
209169,8.91,11.19,6.89,9.89,4.37,2
172309,5.46,8.31,9.04,12.13,6.39,2
202644,4.03,8.26,9.62,5.68,6.9,2
181969,8.48,9.98,10.98,6.93,6.86,3
143370,5.38,12.42,10.01,5.48,7.44,2
153173,4.86,9.71,12.58,12.59,4.31,3
159056,7.63,13.28,6.49,7.3,6.2,2
119970,6.35,6.04,6.2,12.01,7.01,2
161203,6.73,13.37,13.23,7.92,4.15,3
121000,5.59,8.86,12.24,9.22,4.66,2
180024,5.95,12.41,5.83,11.24,4.99,2
152604,4.68,12.88,9.14,9.48,7.51,3
122890,5.46,12.72,12.04,12.04,7.37,3
148219,4.57,6.4,13.15,10.38,5.06,2
136406,8.48,7.14,8.01,4.84,7.79,2
164257,5.93,6.28,5.79,8.54,6.34,2
163679,7.05,5.98,6.39,11.76,7.85,2
199452,4.32,5.69,4.65,7.92,6.47,1
145678,6.87,6,13.97,11.62,7.43,3
200658,5.63,13.56,5.8,8.62,4.64,2
191874,4.23,12.79,12.52,8.23,4.6,2
144172,8.98,9.42,7.45,9.24,7.46,3
190190,7.57,10.37,6.25,7.85,5.91,2
180302,5.61,9.2,6.16,5.16,5.28,1
111112,8.32,8.25,7.36,12.56,5.7,2
139264,7.2,10.52,5,8.63,5.37,2
144588,8.68,11.49,7.5,9.72,6.66,3
190610,4.6,8.12,9.45,7.52,6.35,2
158970,4.38,5.9,13.71,4.19,6.88,2
206508,7.24,5.19,7.65,12.09,6.29,2
133807,7.83,8.25,9.75,8.34,6.25,2
208929,4.88,13.83,12.36,5.88,7.98,3
176706,7.28,7.86,9.88,4.08,7.27,2
142669,6.95,11.42,10.57,4.41,7.42,2
146647,5.08,11.45,7.38,13.21,7.79,3
136198,4.15,7.62,4.36,13.27,5.32,2
117993,6.94,8.03,11.91,13.12,7.09,3
211890,6,12.98,13.77,6.14,5.32,3
214396,5.1,10.56,13.08,11.05,7.63,3
201658,4.45,10.95,12.92,4.07,4.25,2
192256,7.88,5.91,4.28,8.5,7.49,2
184676,8.88,9,6.09,12.36,4.26,2
185453,5.31,13.7,6.94,8.46,4.66,2
201246,8.44,7.31,11.55,8.42,4.24,2
187838,5.45,7.61,12.87,13.54,4.83,3
200363,7.35,11.81,6.39,4.23,6.34,2
209165,4.69,13.72,11.31,6.27,4.02,2
174087,7.86,13.16,10.13,10.44,6.02,3
181174,8.63,13.73,11.67,7.12,4.68,3
208958,7.64,5.64,11.4,4.94,7.31,2
147206,4.12,12,13.9,13.56,7.83,3
158965,5.65,7.81,12.3,8.07,7.06,2
173486,6.23,9.56,9.44,7.01,7.28,2
179074,8.53,8.48,6.27,6.76,7.59,2
166143,4.17,12.86,10.98,12.15,4.62,3
114184,7.6,5.71,6.71,8.93,4.69,2
150413,6.12,8.94,6.25,7.48,4.57,2
192871,8.84,7.55,8.98,7.06,4.42,2
182558,6.56,9.59,6.89,6.55,7.97,2
143277,4.32,13.17,9.98,11.35,7.05,3
156749,4.78,5.91,6.32,13.57,6.62,2
117736,8.95,6.08,5.13,12.71,7.78,2
153874,6.61,8.33,12.42,6.64,7.86,2
160436,4.41,12.57,4,11.47,6.03,2
116401,5.51,12.57,11.79,13.76,5.11,3
150644,4.72,10.09,13.35,11.74,7.08,3
184033,7.72,12.56,4.17,9.86,4.4,2
213424,5.2,12.94,4.55,7.59,7.88,2
189473,8.07,7.26,10.42,10.02,6.95,3
119357,6.51,10.63,13.86,8.16,7.96,3
113172,5.17,7.18,9.14,11.74,6.18,2
119750,8.54,11.7,6.52,12.31,4.15,3
147521,5.34,5.06,6.94,6.32,6.35,1
185745,8.17,7.53,8.19,12.17,4.52,2
149843,6.94,9.79,9.51,12.82,5.65,3
207779,7.84,5.05,11.35,10.51,5.16,2
201939,4.75,8.21,6.89,10.85,5.56,2
128985,6.23,12.11,10.46,5.14,4.34,2
111266,7.76,13.27,9.62,10.28,7.39,3
119030,6.79,5.01,12.73,10.07,6.31,2
210035,4.48,9.27,7.63,6.5,6.29,2
178282,4.53,12.97,4.26,4.46,7,2
152824,6.39,8.92,9.67,10.56,5.94,2
146585,7.69,9.43,11.02,5.1,7.29,2
129185,4.6,6.39,8.29,8.77,4.74,2
161494,8.34,5.98,9.42,4.18,4.97,2
178700,8.02,5.02,6.29,12.02,7.6,2
213211,5.83,13.25,7.66,13.28,7.6,3
192949,6.49,7.96,11.2,5.14,4.72,2
148297,4.01,13.66,8.33,6.32,4.39,2
130698,5.79,12.83,5.6,10.87,5.71,2
189819,6.51,9.4,5.64,12.25,4.85,2
115126,8,10.37,5.03,13.99,6.98,3
204345,6.79,11.09,13.87,13.05,4.19,3
192079,7.31,13.36,7.79,10.57,7.69,3
115210,5.42,9.84,13.32,13.74,4.8,3
136268,8.48,8.02,14,4.17,7.66,3
146657,5.41,13.55,13.36,11.19,6.35,3
169325,8.21,13.68,5.71,10.57,5.14,3
156047,7.31,8.48,9.54,4.62,5.16,2
169565,4.45,12.97,9.01,9,6.99,2
125881,5.19,5.56,13.24,9.03,6.71,2
203313,8.93,10.5,9.7,10.12,4.19,3
201722,6.4,12.2,4.14,5.09,5.46,2
211778,6.52,9.48,8.72,4.6,7.71,2
162134,4.15,12.82,12.52,7.8,5.42,3
212203,4.82,10.73,6.02,7.41,5.5,2
179096,6.78,9.82,6.82,8.06,6.3,2
163559,5.38,8.8,6.9,11.86,7.47,2
212582,6.86,11.39,6.15,4.92,7.01,2
118328,8.83,9.95,7.61,9.17,4.59,2
146951,6.85,10.88,12.11,6.3,4.48,2
190521,8.77,12.13,5.54,11.28,7.72,3
136403,7.95,7.98,12.46,12.92,5.63,3
196861,8.31,6.36,5,8.37,5.35,2
134289,4.05,5.89,9.24,5.66,5.62,1
181982,5.17,7.04,9.04,11.65,5.35,2
140771,8.8,9.32,7.09,10.36,4.26,2
161097,5.29,13.63,11.31,12.04,4.32,3
170056,5.06,11.52,13.82,11.11,4.03,3
213392,7.91,11.16,11.7,4.66,7.96,3
136518,7.8,12.25,12.78,13.12,5.57,3
134622,5.07,6.13,13.21,8.03,6.95,2
170684,6.68,11.93,5.9,9.1,4.34,2
209453,6.07,7.26,10.62,12.05,5.98,2
164661,7.44,9.41,13.53,10.05,7.5,3
202648,6.76,11.34,5.13,4.12,4.96,2
121098,8.15,11.69,12.59,13.32,6.29,4
207069,6.2,12.33,9.69,8.42,5.39,2
213948,5.87,11.57,6.79,9.78,7.07,2
172504,7.46,10.16,10.78,9.3,7.68,3
185146,6.4,9.99,6.05,12.44,6.6,2
183339,8.44,13.2,4.54,8.68,5.62,2
155930,4.81,11.3,5.43,7.45,5.63,2
207976,4.5,13.14,13.61,12.62,6.97,3
210451,6.83,11.45,7.28,5.27,7.46,2
203537,4.35,13.44,11.89,5.83,6.27,2
163302,8.07,8.14,11.49,4.7,4.77,2
205426,7.42,7.78,11.06,8.62,4.49,2
124955,5.73,5.51,12.16,7.69,5.13,2
158694,8.77,8.32,12.53,10.04,7.43,3
207715,7.21,10.42,5.55,8.61,7.92,2
145971,6.63,10.63,7.18,8.29,7.09,2
212438,5.43,9.33,8.42,9.92,5.47,2
150374,7.56,5.58,10.01,5.39,7.56,2
112417,5.58,7.9,7.65,6.95,7.41,2
196972,8.54,11.3,5.19,5.47,4.05,2
153697,6.6,13.67,11.74,12.49,4.85,3
128163,4.31,12.8,9.16,4.51,6.69,2
133495,8.26,7.25,11.7,8.97,7.65,3
206066,6.28,6.88,10.13,11.73,4.37,2
164527,7.2,11.37,11.42,9.65,5.4,3
149478,8.86,9.5,5.18,6.54,7.3,2
181016,5.69,7.37,8.86,7.79,6.86,2
187996,7.29,8.86,9.36,10.72,7.49,3
193762,8.94,13.95,4.8,7.37,5.75,2
118784,8.89,7.68,11.62,8.14,4.38,2
144496,7.88,6.42,8.6,8.1,4.73,2
195344,5.64,12.88,8.57,5.27,5.94,2
175753,5.89,9.08,13.24,11.99,4.99,3
170273,7.2,11.34,10.18,9.77,4.04,3
172486,6.8,12.91,9.92,13.38,6.71,3
136880,8.38,11.03,7.67,8.86,6.47,3
187484,4.67,10.33,12.06,11.88,5.85,3
161969,6.83,7.25,7.35,13.5,4.76,2
173132,4,6.82,10.51,8.61,5.35,2
159823,7.4,11.86,5.14,9.21,7.27,2
180848,4.78,11.84,10.51,6.92,6.61,2
212697,8.01,10.53,9.6,13.79,4.79,3
204142,8.77,11.67,13.01,4.08,6.63,3
179380,7.64,10.65,9.14,9.96,6.88,3
115293,7.2,11,8.17,4.89,4.73,2
195103,5.55,10.37,8.12,6.98,4.67,2
117004,6.14,13.93,4.06,4.35,4.61,2
202711,6.44,6.18,13.98,4.33,5.21,2
179692,4.04,7.1,8.14,13.99,4.65,2
115423,4.64,11.71,13.69,9.26,6.66,3
197367,8.34,9.18,10.11,7.32,6.11,2
149010,5.28,9.88,10.6,8.72,5.68,2
125678,7.6,11.13,11.36,6.91,7.42,3
176594,7.07,12.85,6.23,4.19,5.73,2
213691,4.5,10.12,9.9,11.89,4.88,2
205685,4.57,10.97,10.77,7.2,5.47,2
202683,7.78,12.97,7.14,4.29,4.87,2
122527,6.88,8.31,10.96,13.57,5.77,3
184325,4.88,12.98,8.87,12.42,7.79,3
213231,7.07,10.05,4.19,7.76,6.84,2
196540,7.24,11.61,6.37,5.82,4.5,2
193012,6.97,6.5,4.4,6.26,7.17,1
197531,7.8,6.56,13.87,13.84,5.23,3
186680,8.68,5.22,12.26,13.1,7.3,3
152558,7.18,8.99,4.91,12.1,6.74,2
142303,6.88,11.9,13.4,7.68,5.4,3
200734,4.79,7.02,9.28,9.99,6.05,2
119145,5.55,12.02,6.25,12.51,7.59,3
207591,5.12,6.32,5.92,12.32,7.9,2
195047,7.19,12.34,10.21,4.79,6.73,2
188210,7.93,13.95,12.88,13.98,6.79,4
152762,4.66,5.61,5.13,9.72,5.58,1
114114,5.12,13.32,10.68,8.92,7.76,3
146631,8.73,10.6,6.24,7.54,7.98,2
172165,4.16,8.27,8.7,13.01,4.13,2
173742,6.27,9.67,9.43,13.67,6.89,3
166763,6.4,12.71,9.46,10.9,4.43,3
154252,6.06,8.99,4.65,11.45,7.33,2
152658,7.85,13.36,13.52,4.82,6.51,3
196927,8.83,11.35,4.36,11.94,6.64,3
166971,8.01,11.82,5.8,4.82,5.13,2
193251,7.03,11.03,12.72,7.12,6.6,3
192671,8.82,5.37,8.52,7.74,5,2
131901,5.1,10.3,13.37,6.49,4.32,2
151627,6.22,8.85,11.29,13.73,4.31,3
207725,5.97,11.75,5.2,11.24,7.16,2
168699,6.36,8.8,13.08,5.41,6,2
127854,6.64,13.72,7.55,9.58,4.66,2
141241,4.97,11.52,7.26,13.93,4.72,2
162993,6.95,5.89,11.25,10.73,5.9,2
127916,6.92,8.81,12.82,8.58,5.83,3
134148,5.48,6.12,12.81,7.63,5.09,2
112399,6.1,6.35,8.41,13.74,5.89,2
211209,7.84,8.8,11.09,5.76,5.72,2
118426,4.68,8.27,8.7,6.7,4.46,2
148651,6.02,8.62,5.41,12.26,6.08,2
211235,8.48,9.04,11.58,6.61,5.12,2
200859,4.05,11.57,10.02,6.36,6.59,2
127568,4.25,13.45,7.14,8.11,4.45,2
151232,8.1,12.11,13.84,9.97,4.44,3
164125,8.53,13.24,13.21,4.34,7.39,3
153567,5.74,8.29,4.54,4.4,5.46,1
190912,5.06,8.5,9.98,11.51,4.43,2
142115,5.04,10.98,10.86,5.96,5.25,2
146063,5.08,7.78,8.04,12.49,7.57,2
134435,6.98,12.13,13.79,8.1,6.72,3
189128,6.02,9.91,12.97,12.31,7.66,3
187380,4.23,6.87,11.7,11.36,5.4,2
201087,4.38,7.48,9.48,12.27,4.66,2
191724,5.71,9.28,11.6,8.02,5.61,2
161812,8.74,6.28,8.85,9.93,5.83,2
183866,4.92,8.07,5.63,6.47,7.94,2
197579,4.51,6.89,12.01,6.42,7.98,2
173244,6.72,10.47,11.94,11.7,4.51,3
171914,7.8,11.64,11.11,10.67,5.07,3
172097,7.58,11.23,11.09,13.32,7.46,3
193717,5.93,8.11,7.92,5.46,6.44,2
139031,4.84,11.08,8.02,4.46,6.26,2
191064,5.87,7.39,11.61,7.49,7.5,2
160552,8.5,7.02,12.71,8.13,4.55,2
191917,5.67,12.99,5.33,13.82,6.47,3
160066,5,11.7,13.48,12.57,6.01,3
133111,8.01,10.36,13.33,5.88,6.19,3
214521,8.28,11.84,10.27,11.13,6.5,3
201070,8.8,5.63,11.61,11.32,6.5,3
160718,8.98,5.27,7.75,8.52,6.73,2
140568,8.4,9.34,13.43,11.99,5.54,3
152493,7.94,5.06,6.02,11.03,4.47,2
113502,8.22,11.59,11.5,5.38,7.88,3
214060,8.53,7.97,8.91,13.23,7.19,3
142686,6.56,13.71,9.5,9.86,5.62,3
187278,8.42,12.78,10,8.16,7.49,3
192697,9,13.56,11.73,5.96,5.67,3
111807,4.34,8.36,11.6,4.2,4.99,2
158951,7.04,10.25,9.43,5.38,6.24,2
173646,4.13,6.6,5.84,12.28,7.55,2
146731,4.74,6.36,6.53,13.86,5.85,2
138721,6.94,9.33,10.26,6.38,6.52,2
213254,6.37,8.41,13.49,12.53,7.93,3
160811,5.69,9.75,6.99,9.73,7.71,2
176196,4.65,12.64,7.59,4.2,6.11,2
115064,8.45,9.26,4.75,5.62,4.97,2
209803,5.44,13.43,6.05,10.11,5.28,2
139047,5.67,10.12,8.37,11.96,6.44,2
206591,6,5.71,11.11,10.51,6.36,2
158465,6.16,7.73,8.99,11.57,7.87,2
210379,6,6.28,4.16,12.48,7.86,2
174622,4.58,7.94,6.77,6.99,6.87,2
212182,7.81,12.14,12.28,6.27,5.61,3
129864,5.26,13.63,12.21,8.04,5.52,3
122546,5.79,8.06,8.83,11.69,5.3,2
123415,8.88,10.7,13.9,6.93,5.82,3
180057,7.8,9.19,8.56,7.46,7.46,2
161070,5.07,12.75,7.58,8.79,5.7,2
130218,7.03,10.4,7.73,4.75,5.87,2
155386,8.36,8.19,5.26,6.76,4,2
137226,4.4,9.96,9.92,8.1,7.28,2
211101,5.2,11.02,12.09,12.6,4.28,3
173137,7.21,8.24,10.95,4.46,4.83,2
158725,6.19,5.19,7.22,12.05,5.63,2
203765,7.01,7.06,13.25,9.62,5.42,3
111174,7.56,7.17,10.51,12.9,7.17,3
143717,7.1,10.77,7.05,5.73,7.97,2
192837,5.02,13.97,4.45,8.4,6.07,2
133290,7.22,8.77,10.7,9.58,6.95,3
150580,7.87,6.45,10.47,8.7,4.78,2
172707,6.98,7.92,8.27,7.77,7.9,2
198895,6.77,8.03,7.3,7.79,4.92,2
205680,7.52,7.35,9.86,6.01,5.05,2
202700,4.44,8.25,9.26,4.93,6.56,2
139052,4.99,11.99,9.35,8.53,6.87,2
145670,5.76,12.85,8.58,12.69,5.38,3
175493,6.92,11.9,11.9,11.95,5.13,3
136281,6.36,13.15,9.09,12.63,7.42,3
182539,4.32,9.54,8.82,11.45,6.35,2
203006,8.42,11.29,7.29,8.5,4.7,2
212889,5.29,12.81,11.74,9.57,5.46,3
191673,6.53,12.15,6.81,9.17,4.48,2
205414,6.73,8.14,13.87,9,4.85,3
157478,4.38,10.09,8.82,6.27,7.34,2
213410,5.77,12.52,5.98,13.65,6.06,3
211344,8.17,5.73,10.67,6.92,4.04,2
131656,8.99,8.12,10.31,11.01,4.89,3
142233,8.31,8.36,8.34,6.75,5.52,2
180405,7.49,9.81,7.38,9.44,6.85,2
152815,5.14,7.91,12.15,6.5,4.86,2
157452,7.07,12.22,11.31,5.77,5.13,2
136367,4.97,7.32,11.45,10.75,4.05,2
203446,8.17,12.88,10.44,12.97,4.42,3
155168,5.83,6.48,8.59,4.27,5.22,1
212480,7.44,11.82,8.03,9.12,4.99,2
198471,5.36,13.16,6.34,13.89,5.04,3
140358,8.74,6.5,9.51,7.41,4.09,2
173289,4.69,13.18,12.07,8.2,7.19,3
134130,4.83,8.65,5.07,8.25,5.58,1
160515,5.91,8.71,6.13,10.83,4.32,2
176692,8.68,13.49,4.13,6.1,6.71,2
113313,7.38,5.48,10.17,8.48,5.1,2
116169,5.1,7.56,12.44,8.08,6.85,2
163249,8.77,8.88,10.24,6.8,5.02,2
166886,6.99,10.83,9.18,5.08,6.17,2
151870,6.72,9.26,9.02,8.67,5,2
149217,7.64,11.98,8.7,6.74,5.47,2
186773,6.78,5.39,6.58,4.48,4.01,1
145702,4.78,12.01,4.79,10.69,5.39,2
203034,6.17,10.1,7.37,8.27,6.8,2
124659,5.87,7.36,7.85,6.56,5.78,2
179157,7.24,12.13,9.93,7.62,7.03,3
164716,6.48,10.58,10.59,10.9,5.29,3
134165,7.05,9.71,11.46,8.76,4.8,2
208253,4.68,6.69,11.9,5.65,4.14,2
189381,8.54,10.79,8.96,13.09,6.29,3
144887,8.63,6.09,4.21,5.99,5.59,1
129373,8.01,6.76,7.53,9.85,5.43,2
128677,8.43,11.24,12.23,11.98,6.32,3
153021,4.51,12.93,6.27,13.14,6.34,3
173459,6.12,7.34,13.19,4.22,6.19,2
149184,4.46,8.52,4.46,11.85,4.11,2
171351,4.5,5.72,9.12,8.9,6.26,2
166651,4.81,8.44,12.76,8.96,6.05,2
209494,5.81,13.08,8.77,13.78,7.03,3
133757,7.7,13.09,8.6,8.01,6.53,3
174564,7.93,8.6,11.14,5.66,4.82,2
158420,8.79,6.09,6.76,5.18,5.11,2
177700,7.1,6.68,9.56,5.4,6.07,2
149070,6.35,7.65,8.73,5.24,6.38,2
131942,7.95,13.84,4.04,7.32,4.2,2
140605,6.33,6.43,7.71,4.89,6.72,2
170646,6.18,13.6,8.38,4.56,6.08,2
172164,6.78,13.46,10.86,6.73,4.83,3
154772,6.81,8.61,9.78,11.61,7.46,3
211806,5.29,11.77,6.98,7.17,5.58,2
177027,5.85,6.24,11.5,6.76,5.47,2
155037,8.78,10.4,7.96,8.26,4.25,2
121947,7.94,8.51,12.37,10.97,5.98,3
165303,4.84,10.97,4.93,11.93,4.97,2
159372,6.57,12.58,7.71,4.95,5.49,2
157173,6.45,10.78,13.1,5.86,4.97,2
112045,4.64,9.92,13.05,12.74,4.54,3
146839,6.34,10.87,6.1,10.68,7.91,2
142225,8.47,7.16,11.23,7.92,4.93,2
207079,4.66,13.68,10.45,8.03,5.82,2
194966,8.83,10.93,9.56,5.88,5.86,2
118100,5.88,11.85,10.2,13.39,6.41,3
122597,8.9,9.87,12.26,12.91,5.67,3
145510,4.46,7.31,7.85,13.33,7.65,2
212591,6.82,12.17,4.07,5.8,5.88,2
179863,5,9.73,10.13,5.6,7.43,2
128064,7.03,11.45,7.77,13.33,6.76,3
174130,6.1,13.13,13.04,7.92,4.94,3
157345,5.15,11.23,7.84,7.1,5.83,2
210188,7.41,10.4,7.95,7.84,5.23,2
151579,8.28,10.23,5.32,4.29,6.79,2
120866,4.17,9.17,4.66,4.94,4.08,1
208756,6.3,12.63,8.62,10.82,7.68,3
170324,5.19,6.2,5.34,12.56,4.94,2
146079,5.15,13.71,6.36,5.39,5.75,2
116216,4.21,13.69,6.75,5.05,6.7,2
170646,6.5,13.84,5.03,4.12,5.32,2
130167,4.35,12.93,13.29,9.05,5.2,3
162639,8.06,6.53,6.36,12.46,6.51,2
188329,7.61,8.41,13.32,4.05,7.8,2
212986,4.7,10.53,13.74,4.64,7.84,2
154251,7.93,6.29,5.93,13.51,4.7,2
185659,6.07,13.56,8.83,11.01,6.27,3
201152,8.59,5.83,10.29,6.96,5.07,2
119804,7.12,13.5,8.6,11.6,6.9,3
173216,5.55,8.42,11.23,12.15,6.22,3
184609,6.13,6.93,10.27,10.65,5.61,2
140017,8.82,9.33,4.51,9.85,6.32,2
188647,8.45,12.83,11.24,4.3,7.82,3
172873,6.25,5.46,12.4,12.01,5.99,2
141817,6.18,6.86,5.65,9.09,6.71,2
133538,8.05,10.74,7.19,6.17,4.57,2
148418,6.57,12.75,8.27,7.96,5.43,2
162927,5.77,6.72,10.36,7.91,4.81,2
212917,8.01,7.37,11.77,10.64,5.05,3
183017,5.81,6.45,10.14,9.4,5.29,2
165886,6.05,10.2,11.67,8.72,6.44,3
207893,6.49,9.39,10.42,10.94,4,2
115175,4.45,13.14,10.13,4.31,4.01,2
207503,4.34,8.8,9.99,12.61,4.79,2
167483,8.1,13.66,9.6,8.1,5.3,3
122998,5.4,7.01,6.59,6.41,5.51,1
147704,8.11,6.45,10.67,12.2,7.29,3
151286,8.73,14,5.51,6.66,6.17,2
124159,4.93,5.55,8.79,9.24,5.91,2
158010,8.19,10.66,11.61,12.45,6.52,3
155844,5.39,11.71,8.54,4.09,7.83,2
121011,8.35,11.32,5.03,12.84,7.37,3
127373,6.09,10.76,12.15,13.24,4.21,3
188016,4.88,5.79,9.29,4.12,5.55,1
151551,7.62,13.76,12.04,10.28,5.56,3
132379,5.35,12.3,11.79,6.14,4.24,2
127962,7.28,12.4,4.55,11.18,5.3,2
199202,8.34,6.64,7.9,8.86,6.94,2
211854,7.97,7.42,5.09,8.64,4.38,2
188082,7.33,12.92,6.7,13.84,6.64,3
114139,5.06,12.68,9.3,5.82,5.51,2
182755,8.32,7.25,13.82,12.57,6.12,3
111700,4.34,13.13,4.9,7.81,4.73,2
148066,6.02,7.63,12.71,10.11,6.08,3
208377,7.33,5.34,4.07,10.37,5.93,2
122787,4.02,13.17,9.23,4.92,4.53,2
124940,8.33,6.22,8.48,5.46,6.8,2
146883,7.97,11.74,10.25,13.72,7.59,3
202043,6.17,5.07,8.94,13.45,5.23,2
199565,7.57,6.27,6.34,9.89,4.64,2
122260,8.88,11.88,11.6,7.56,4.31,3
122976,8.71,6.84,10.55,12.06,6.76,3
128419,5.59,8.63,12.67,6.99,7.09,2
206054,8.65,7.83,9.7,5.12,4.62,2
133598,4.44,12.94,8.47,6.18,6.93,2
193244,6.39,5.95,10.93,6.73,5.04,2
176990,5.5,9.99,8.1,5.8,5.69,2
137219,7.32,8.09,5.75,8.02,6.43,2
117091,6.43,12.97,13.52,5.66,4.04,3
166276,5.71,13.1,7.35,12.26,7.02,3
212475,6.58,12.36,5.11,9.21,4.58,2
172749,8.75,10.54,11.24,6.33,6.82,3
186112,6.84,12.29,5.74,10.16,4.78,2
197713,8.96,12.49,7.62,4.07,5.77,2
118129,7.46,13.81,13.87,5.78,6.73,3
181862,4.48,6.46,13.3,12.91,7.78,3
152667,6.24,11.24,12.93,12.45,8,3
185118,4.73,5.92,7.72,4.05,5.42,1
184316,8.69,11.98,6.36,4.49,4.33,2
194680,4.36,5.77,6.71,7.34,6.79,1
134629,5.15,10.18,6.37,5.58,7.58,2
122375,6.41,10.75,4.6,9.78,5.02,2
171005,4.52,11.13,5.53,7.73,6.37,2
165082,4.98,5.66,4.21,12.25,4.53,1
116554,6.35,6.92,7.17,6.81,5.25,2
191639,8.73,8.23,13.07,13.57,6.81,3
180421,7.62,11.45,12.73,9.86,7.27,3
117704,6.57,10.42,6.04,12.21,5.25,2
153760,5.97,11.19,5.45,9.43,6.38,2
210669,8.79,13.37,6,9.22,7.48,3
191043,4.84,13.78,5.91,7.5,6.52,2
208578,4.67,5.64,11.09,9.15,5.78,2
214154,6.12,8.67,8.65,5.1,5,2
149792,6.01,7.57,9.91,6.35,6.53,2
167439,6.94,12.42,8.92,5.76,7.49,2
191752,4.62,13.01,11.69,11.55,6.82,3
193915,6.43,8.83,4.9,5.61,4.73,1
195807,4.65,9.9,7.09,10.97,4.24,2
173816,7.09,10.52,10.01,8.44,4.53,2
144555,7.96,7.86,4.18,5.64,6.49,2
113614,8.41,13.63,7.03,13.58,7.19,3
122483,8.94,8.96,12.55,9.28,6.1,3
195968,8.35,9.51,8.93,12.07,7.79,3
154747,8.56,13.07,6.67,7.42,5,2
173254,4.29,11.99,12.43,7.13,7.91,3
194552,4.35,13.3,5.55,10.47,5.05,2
193201,4.31,8.3,4.97,5.19,7.15,1
193414,6.29,9.49,9,13.64,4.6,3
213112,6.16,9.67,5.34,10.91,4.66,2
210194,8.86,10.04,7.19,6.77,6.93,2
117628,5.38,10.27,11.3,13.84,5.08,3
176453,5.31,7.01,4.24,10.21,7.48,2
196981,6.1,13.93,13.99,7.97,4.28,3
177443,5.13,13.27,12.13,11.75,5.28,3
124774,4.51,10.95,6.71,8.75,4.86,2
161361,4.19,7.52,9.51,13.77,4.81,2
179225,5.04,12.83,9.62,9.2,4.91,2
142512,6.23,8.71,13.75,8.91,4.72,3
145705,4.79,7.87,4.73,13.93,4.74,2
189242,4.25,8.53,7.49,5.75,4.47,1
172672,5.26,13.3,5.95,12.05,7.84,3
157764,7.63,8.23,10.07,4.77,5.73,2
158804,4.17,5.83,5.2,9.61,7.93,2
154973,8.07,5.08,7.47,10.57,6.94,2
139869,6.39,6.77,9.28,9.03,5.03,2
175282,8.56,9.13,8.26,5.07,5.37,2
180195,5.29,7.83,11.69,6.17,4.16,2
214127,7.17,9.13,6.04,9.4,4.64,2
157433,8.01,12.17,4.53,6.87,5.3,2
145604,4.58,12.07,6.19,4.74,7.86,2
111168,5.67,8.13,13,4.87,7.1,2
177850,8.68,12.71,12.27,11.94,6.75,4
151728,8.15,12.3,8.13,7.5,5.68,2
212450,5.99,6.99,4.59,12.95,6.94,2
120527,6.51,7.74,8.1,6.7,4.05,2
151271,6.17,7.69,5.29,12.6,7.32,2
117808,8.82,10.28,12.69,8.71,4.81,3
203631,6.42,7.97,11.51,13.4,6.85,3
164852,8.21,8.33,13.8,13.8,6.84,3
164871,4.03,11.67,12.71,10.23,7,3
121093,5.4,12.79,7.68,8.14,6.78,2
143257,7.91,8.38,7.59,4.71,4.1,2
157729,5.95,13.63,6.17,11.91,4.79,2
144668,7.03,5.84,8.57,9.91,4.46,2
198089,4.75,12.81,10.35,10.96,6.32,3
175756,4.4,12.39,4.34,11.93,7.59,2
159899,5.39,5.28,13.69,4.12,6.09,2
182285,6.8,9.56,12.98,11.21,6.19,3
189650,6.88,5.65,11.57,7.9,6.63,2
133017,4.71,6.98,5.8,10.81,7.78,2
119630,5.21,13.85,13.02,11.49,5.07,3
153068,5.3,7.18,13.86,11.01,7,3
157251,4.92,8.74,10.12,5.92,4.17,2
198838,6.73,5.49,5.15,5.66,4.27,1
168151,4.35,8.03,7.74,10.36,7.71,2
168951,4.14,8.83,7.14,10.96,5.91,2
210384,7.94,7.78,6.55,12.51,6.56,2
136460,8.07,13.54,9.01,5.7,4.01,2
150582,4.78,8.95,7.07,7.37,7.72,2
160468,6.34,11.9,11.49,9.94,6.44,3
213371,7.03,7.61,4.24,11.37,5.26,2
118680,7.32,13.59,10.34,10.58,5.99,3
204575,5.29,13.74,8.97,9.89,7.65,3
112317,4.98,10.78,5.14,9.8,4.22,2
123721,4.66,13.51,6.02,10.85,6.4,2
157333,8.36,13.28,4.84,13.65,6.4,3
111496,8.92,5.47,12.19,12.16,4.34,3
210428,7.07,8.93,12.95,6.98,4.19,2
187606,8.15,6,10.32,8.92,4.93,2
137899,8.51,12.85,7.85,12.96,6.66,3
146849,4.34,8.72,12.2,6.39,6.53,2
166999,6.17,5.14,4.61,11.46,5.23,2
153361,5.21,10.69,7.67,10.83,7.42,2
211200,6.66,12.14,12.18,13.29,7.85,3
168061,5.11,6.51,6.46,7.79,4.24,1
165122,6.55,9.49,8.96,6.13,5.25,2
150003,4.76,13.49,4.14,5.79,6.92,2
192327,5.58,11.49,9.16,12.39,7.67,3
163365,6.81,5.4,7.69,12.48,7.58,2
118116,8.89,6.74,6.29,4.42,5.99,2
155866,8.58,8.06,4.49,6.43,4.77,2
115430,8.88,13.82,5.91,4.06,4.4,2
185894,8.96,7.83,11.45,13.99,7.85,3
141017,6.02,10.85,12,9.2,7.48,3
144381,7.89,13.17,8.15,12.48,6.82,3
213418,4.89,12.23,6.88,12.19,7.2,3
189648,5.06,13.95,4.59,10.22,4.67,2
198603,6.5,5.13,11.55,5.34,6.28,2
167584,5.32,7.26,5.3,13.79,6.3,2
151881,6.92,7.11,9.17,7.28,5.46,2
146061,6.45,6.86,11.05,13.76,6.25,3
143329,7.87,5.81,12.56,10.52,7.88,3
194078,7.06,8.03,11.89,13.41,5.41,3
113445,4.18,12.41,7.35,9.62,4.53,2
206095,5.59,9.65,11.35,5.94,4.57,2
200006,6.36,11.22,4.04,6,7.22,2
212268,7.54,8.49,8.75,12.13,7.13,3
151851,8.37,11.4,13.12,5.58,6.47,3
117465,6.51,7.04,12.99,6.54,5.86,2
126352,5.93,9.56,11.02,7.69,7.8,2
135913,4.89,9.01,12.5,6.59,4.67,2
131059,8.58,6.85,5.25,12.89,4.5,2
128969,4.49,13.3,13.34,6.79,5.95,3
207573,7.02,7.44,9.76,8.07,4.75,2
170238,6.82,5.7,4.87,13.9,7.33,2
181895,6.26,12.28,6.73,6.58,7.37,2
119911,6.72,6.41,9.06,5.97,7.4,2
147536,8.33,12.76,6.15,6.48,7.23,2
155053,6.9,11.44,13.78,13.58,6.79,4
142635,4.11,8.69,11.36,13.02,4.67,2
137424,5.38,11.73,8.88,12.77,6.2,3
206255,7.11,13.12,12.6,11.77,7.54,3
170280,7.42,10.74,13.69,11.4,4.56,3
129572,8.53,12.82,13.74,9,5.14,3
192222,8.88,11.62,11.52,5.99,5.62,3
147946,6.78,6.3,10.01,9.69,7.53,2
188481,6.27,5.25,8.7,4.93,5.65,1
188170,5.13,13.37,12.46,12.21,5.31,3
120121,4.01,6.89,4.76,9.08,7.69,1
138375,4.84,6.37,4.02,5.73,4.17,1
207032,8.34,13.99,6.54,6.58,6.11,2
205187,4.74,6.12,12.17,8.25,4.51,2
177737,8.09,7.63,4.06,8.04,4.76,2
150090,5.6,7.31,7.65,10.34,7.91,2
143838,4.81,7.55,8.1,13.37,6.83,2
126512,6.88,8.65,11.24,11.94,5.67,3
133722,8.77,10.68,12.72,5.82,5.95,3
136571,5.6,6.39,7.71,5.38,6.94,1
184557,6.88,13.34,11.8,12.22,4.98,3
133020,7.75,5.48,9.45,8.05,5.9,2
182254,5.71,6.19,4.25,6.13,5.06,1
111460,5.43,9.99,11.58,4.25,4.86,2
191314,4.96,7.5,4.74,9.29,4.15,1
171839,6.39,10,8.36,12.08,6.78,3
123350,7.3,12.34,13.41,6.9,6.54,3
132586,7.05,6.45,9.08,13.09,4.11,2
168614,8.54,12.91,5.18,12.17,5.56,3
176637,8.63,13.96,12.24,11.34,5.76,4
152912,6.76,10.31,6.27,4.84,7.91,2
197741,5.94,9.81,12.72,4.72,5.96,2
211626,5.79,12.78,8.55,9.87,7.96,3
138329,4.11,11.87,4.47,4.3,7.9,1
211410,6.05,7.34,5.53,6.16,5.04,1
210694,5.92,13.92,8.89,12.68,7.13,3
173092,7.96,7.78,5.94,12.27,7.61,2
148047,7.06,11.4,11.71,13.59,7.29,3
155602,7.99,12.52,11.26,6.28,4.79,3
214221,7.42,6.48,6.34,8.02,5.6,2
213221,5.27,13.87,6.42,13.03,6.7,3
129312,5.23,9.39,13.97,10.57,7.73,3
142551,5.07,11.52,8.84,13.1,6,3
179051,7.02,12.73,4.58,13.56,6.53,3
141545,4.73,12.58,4.45,7.39,6.12,2
128188,6.59,9.65,7.57,10.67,5.63,2
189483,7.86,9.81,11.09,13.07,4.98,3
202989,8.93,8.17,13.12,13.21,5.32,3
196892,6.2,7.52,13.47,11.29,7.53,3
138633,4.07,12.89,7.54,9.85,4.64,2
196731,4.46,12.85,6.75,8.83,6.28,2
155101,8.99,9.83,9.62,5.4,5.07,2
140793,8.94,12.69,6.6,8.02,7,3
111652,5.94,7.5,8.84,11.66,5.49,2
199893,4.92,13.72,10.53,10.28,6.35,3
204993,7.43,8.39,7.22,13.82,5.06,2
122667,4.99,9.62,11.74,4.12,4.82,2
138955,8.57,10.69,4.66,13.5,6.06,3
127896,7.2,9.7,5.03,9.16,4.44,2
197806,4.78,11.56,8.34,6.98,6.56,2
153421,6.09,12.52,4.61,12.73,6.32,2
128684,5.88,7.79,12.32,9.92,7.82,3
177199,4.77,13.34,11.41,4.2,5.45,2
208786,8.74,10.69,11.58,4.77,6.59,3
127713,4.78,5.22,6.08,6.47,6.58,1
212773,8.36,8.9,13.3,13.01,6.57,3
181850,8.8,6.57,5.25,10.5,5.87,2
112098,8.64,6.89,8.54,6.51,7.65,2
129036,5.01,11.27,7.99,10.47,5.44,2
133864,4.76,12.83,10.5,5.76,6.49,2
138485,7.81,12.13,4.23,8.72,5.45,2
156764,7.18,5.17,7.91,4.84,7.65,2
135200,5.64,7.11,7.75,11.71,6.3,2
133346,8.02,7.59,13.23,5.43,4.04,2
201724,4.87,12.08,10.07,5.08,7.91,2
114503,7.47,7.76,8.98,8.89,7.19,2
150236,5.95,6.55,10.8,5.45,5.24,2
161909,8.57,10.09,8.88,9.77,4.28,2
195086,4.52,5.95,12.86,12.88,6.1,2
169840,8.42,10.25,6.51,6.99,7.81,2
161390,7.48,11.62,7.63,9.74,7.03,3
142164,6.43,5.14,8.43,5.09,6.98,2
201242,7.91,12.43,8.75,8.11,7.26,3
194506,6.32,9.74,6.3,6.9,7.65,2
128374,5.12,11.24,10.85,12.63,6.88,3
125404,4.14,11.57,11.09,12.68,7.58,3
119923,5.85,12.49,12.66,7.41,7.86,3
123758,5.17,11.15,10.63,12.99,6.87,3
154280,8.75,13.05,12.6,8.54,5.54,3
126627,4.33,11.47,12.65,10,5.66,3
207741,4.61,12.91,7.5,6.38,6.13,2
181347,7.88,8.58,12.69,10.98,7.65,3
202138,5.15,7.41,13.7,12.72,6.18,3
208760,7.51,12.52,8.5,13.77,5.02,3
147968,8.87,6.53,6.26,6.68,6.31,2
181967,4.26,9.25,13.69,12.6,4.5,3
164063,6.93,5.59,12.03,9.13,6.42,2
113800,6.64,7.7,12.14,12.61,4.63,3
116546,6.47,10.23,11.24,4.77,4.68,2
122230,8.06,7.27,4.74,13.74,7.04,2
199660,7.34,5.99,7.32,4.65,7.46,2
212543,6.94,10.26,10.76,13.14,6.2,3
151406,5.67,11.06,5.94,6.43,7.63,2
139085,7.37,12.33,9.16,13.88,7.94,3
212431,8.99,5.28,6.66,5.99,6.82,2
203238,7.83,7.07,6.18,4.45,4.24,1
214148,8.2,8.7,12.48,7.89,6.78,3
137991,6.97,11.85,9.35,6.96,5.02,2
178098,4.92,8.88,4.03,7.39,4.74,1
151654,7.19,6.3,8.21,12.31,4.7,2
146181,4.61,5.96,12.03,9.82,4.97,2
157303,6.38,8.97,12.98,13.49,4.72,3
150651,4.85,8.33,8.3,9.73,4.07,2
211541,5.34,8.24,5.86,7.99,4.72,1
187508,7.97,8.55,4.82,5.67,6.48,2
146622,4.38,6.37,5.13,11.09,7.14,2
209044,6.35,6.83,4.52,8.54,7.7,2
127200,6.07,5.75,11.8,10.77,5.42,2
171308,6.62,10.91,4.73,7.53,4.5,2
188753,8.58,5.78,13.02,5.2,7.56,2
161614,7.06,10.05,6.36,9.44,4.01,2
162853,4.98,13.57,5.83,14,4.32,2
202592,5.39,11.77,12.6,8.78,5.59,3
111292,5.1,11.47,4.51,8.93,4.84,2
158746,7.45,10.21,4.76,13.51,5.75,2
184184,4.39,6.71,11.62,8.71,5.36,2
205121,4.05,7.93,6.8,8.34,6.97,2
213104,6.27,9.56,8.47,5.31,4.16,2
143976,8.28,11.66,9.69,7.1,6.2,3
137744,6.83,13.05,8.19,13.87,6.19,3
143517,8.94,12.47,12.62,5.58,6.97,3
118654,4.57,12.6,8.5,7.97,6.03,2
187878,7.14,11.19,13.95,13.73,5.28,3
177070,5.33,5.06,4.94,9.48,7.24,1
179555,7.63,11.14,11.38,13.4,4.38,3
138067,4.8,7.63,4.79,10.66,5.32,2
145295,5.68,6.08,6.79,8.72,5.88,2
165542,5.06,5.59,9.23,12.99,5.29,2
199531,7.02,8.3,4.34,13.39,7.74,2
203404,4.82,11.41,6.78,6.87,5.39,2
135536,7.41,8.77,5.75,12.05,4.5,2
163343,4.84,6.88,6.27,7.68,5.95,1
177268,8.98,12.5,4.01,9.18,5.04,2
166798,4.96,9.43,13.23,9.08,4.28,2
204364,6.79,11.03,6.44,5.51,5.63,2
184507,8.85,12.08,12.98,10.09,4.29,3
133954,7.22,8.75,4.91,6.77,7.14,2
207604,8.74,8.99,4.47,8.73,7.53,2
164918,6.29,10.23,12.04,5.52,4.85,2
152840,7.46,6.02,13.3,13.31,5.95,3
141792,4.87,10.03,9.35,10.59,7.05,2
165426,7.52,12.79,9.04,9.39,6.44,3
184801,5.91,12.05,10.27,13.56,7.79,3
192756,4.32,13.88,4.58,5.24,7.61,2
171677,6.3,7.98,9.74,7.59,5.96,2
185922,5.3,5.92,5.12,12.87,4.02,2
156389,6.77,8.46,9.21,5.05,4.46,2
179902,5.37,8.39,5,13.39,6.06,2
182923,5.5,10.66,5.6,5.61,4.43,1
202822,7.82,6.23,6.08,4.35,5.26,1
154999,6.17,10.27,4.01,9.5,7.71,2
133765,7.9,13.16,5.4,13.77,6.98,3
153459,5.5,10.93,10.74,4.6,4.11,2
180478,5.5,10.69,5.96,13.84,6.58,2
128369,5.04,7.7,13.2,10.86,7.84,3
132377,6.29,10.51,11.23,4.89,5.98,2
152612,4.41,7.23,7.72,9.77,6.47,2
213516,8.1,11.62,7.62,4.54,7.34,2
209073,6.78,6.9,6.1,5.63,6.15,1
135621,4.7,13.41,4.58,8.24,5.61,2
113519,7.64,5.36,12.76,8.93,5.11,2
178995,8.2,13.98,7.32,13.35,6.49,3
213212,5.12,10.03,12.52,5.12,7.93,2
170650,7.96,7.24,7.31,6.77,5.45,2
184701,7.95,10.11,5.3,6.22,5.29,2
209807,5.23,9.97,5.96,10.25,5.76,2
186034,6.23,11.45,5.07,11.32,4.29,2
165911,8.54,13.3,6.7,9.87,7.63,3
124987,4.25,7.65,9.15,12.89,6.29,2
122179,6.13,11.32,7.41,13.33,5.02,3
179836,8.25,5.06,5.88,6.07,5.36,1
169405,7.07,10.14,8.61,10.75,7.79,3
207031,7.2,7.33,12.7,4.47,4.98,2
126834,5.9,11.69,5.47,7.5,7.06,2
128010,8.13,12.96,6.53,11.11,5.51,3
168163,6.04,7.97,4.76,5.46,4.22,1
173062,5.17,12.07,13.56,8.94,6.93,3
172961,8.43,6.52,13.61,4.29,5.72,2
112236,6.49,5.85,11.65,10.4,4.68,2
188878,8.96,10.21,10.95,10.33,5.95,3
135596,4.13,8.03,13.01,13.73,5.64,3
203387,6.83,6.83,13.89,6.99,6.6,2
207852,7.63,12.42,5.2,12.94,5.71,3
142798,6.19,5.14,7.48,5.67,4.04,1
146928,8.8,12.91,11.84,5.15,4.04,3
138599,5.18,8.09,10.11,6.37,4.48,2
135978,4.24,10.09,7.33,5.42,6.88,2
201423,6.68,6.57,7.55,12.04,5.6,2
169307,4.75,13.16,10.47,12.01,4.78,3
180023,7.36,5.02,13.92,6.53,4.96,2
115109,8.16,13.3,4.49,12.72,6.49,3
209109,5,12.2,4.67,7.65,6.09,2
119489,8.96,9.47,10.31,6.48,7.03,3
159828,8.72,6.54,9,5.58,6.71,2
194077,5.93,7.89,10.16,9.79,4.34,2
149763,6.23,9.8,5.92,8.85,6.8,2
210145,7.1,7.86,11.21,5.87,4.41,2
208079,7.81,9.68,13.98,10.74,5.52,3
128024,6.54,5.51,4.12,9.17,4.63,1
158860,4.57,13.2,12.84,12.01,6.6,3
186303,4.45,9.4,11.87,8.25,6.36,2
151109,7.99,5.17,7,13.96,7.21,2
140410,8,13.3,11.68,5.72,5.71,3
212098,4.77,12.92,6.72,5.11,7.49,2
111466,5.02,13.91,10.46,5.74,6.3,2
205190,6.33,13.68,9.7,5.59,7.66,3
195103,5.11,10.07,12.1,5.45,5.67,2
122021,4.02,12.47,13.21,12.82,4.16,3
152286,8.77,12.9,10.56,4.24,6.04,3
125644,7.93,8.44,7.27,13.01,7.48,3
182132,6.74,10.22,7.74,9.45,7.41,2
128757,6.22,7.85,5.34,8.81,6.38,2
173550,6.16,7.53,7.06,11.81,4.27,2
164146,4.15,13.05,4.59,8.69,4.87,2
153852,7.98,7.97,11.63,6.5,6.96,2
151588,7.09,5.47,4.89,5.61,7.26,1
118193,5.63,10.36,4.47,4.3,7.21,1
208522,5.2,12.49,9.75,10.1,5.72,3
133228,4.82,12.73,5.61,12.09,4.15,2
149746,8.2,10.02,13.47,8.17,4.23,3
134034,6.97,6.42,11.51,10.22,7.92,3
202143,6.53,6.74,13.47,6.9,4.25,2
178170,8.52,10.67,7.33,8.29,7.8,3
135368,8.36,9.76,12.41,12.09,4.98,3
205504,7.82,13.13,8.88,13.69,6.66,3
189433,4.48,7.48,11.5,10.95,6.83,2
112097,7.3,8.86,10.29,13.16,5.78,3
132184,4.99,12.88,6.08,11.38,6.48,2
190735,8.44,10.92,11.63,8.96,4.04,3
112072,8.79,7.61,12.63,7.33,7.92,3
199793,8.3,9.34,6.72,6.59,4.35,2
156763,8.01,8.45,8.03,10.78,6.38,2
127218,4.91,10.66,13.22,6.59,7.93,3
126473,8.98,13.59,11.79,13.9,7.5,4
122588,7.61,12.56,5.08,11.57,6.69,3
127910,4.33,9.4,13.77,5.91,4.99,2
156964,6,9.28,4.66,11.78,6.29,2
166484,6.05,10.25,9.95,13.94,7.58,3
138699,5.62,8.15,9.07,9.95,5.64,2
203204,6.21,10.25,10.54,4.01,4.44,2
116737,5.25,7.72,13.23,11.43,5.92,3
134443,6.83,6.89,6.17,6.28,7.33,2
157859,7.63,7.62,11.1,8.13,5.36,2
190633,8.28,6.58,12.71,10.95,7.13,3
171463,6.92,6.33,11.28,12.6,7.16,3
141873,7.6,8.61,11.92,9.35,4.43,2
115203,4.97,11.93,10.35,10.45,4.06,2
154569,6.88,7.81,11.67,12.6,7.93,3
191397,5.97,7.84,12.84,6.99,7.24,2
119153,5.06,5.66,10.03,10.09,4.87,2
202527,8.29,7.08,13.73,5.85,7.66,3
205114,6.29,9.67,6.23,4.03,4.56,1
191589,5.23,7.74,10.29,13.3,7.15,3
128180,6.08,13.33,14,9.85,5.02,3
192260,6.69,12.57,13.12,4.94,7.5,3
151166,7.32,9.92,11.03,5.95,7.85,2
185770,7.32,6.76,10.04,7.56,7.54,2
171304,8.73,7.79,11.99,6.26,7.07,2
208417,5.27,6.08,11.94,10.71,5.43,2
131368,6.36,5.52,13.51,5.97,4.7,2
124685,6.34,13.83,4.55,13.05,5.15,3
138826,6.62,7.02,4.54,11.9,4.39,2
158234,8.39,8.03,4.13,7.59,5.8,2
175273,5.19,5.34,13.1,7.84,5.22,2
120243,6.06,5.98,7.46,13.27,7.52,2
206341,4.09,11.04,10.14,5.18,6.89,2
196526,4.66,7.4,7.52,13.36,6.86,2
126276,5.53,6.48,10.77,5.39,4.98,2
143763,6.14,9.72,10.5,7.82,4.95,2
166941,4.76,11.5,13.25,10.07,5.8,3
167869,5.29,9.82,10.1,13.8,4.14,3
199422,7.22,11.11,11.42,8.64,6.68,3
135411,4.81,10.73,4.84,10.3,5.8,2
137599,7.32,8.66,9.75,6.84,6.24,2
160522,5.04,12.08,4.44,7.85,7.31,2
203554,5.45,10.15,10.67,10.82,5.73,3
112815,6.35,10.34,4.65,8.98,4.9,2
214690,8.61,10.71,5.42,5.85,7.03,2
126547,6.19,7.86,9.26,12.04,4.23,2
196671,7.16,6.48,12.09,8.84,7.93,3
125796,5.4,6.13,5.76,7.93,7.68,2
200371,4.48,7.39,4.2,10.14,4.76,1
140753,6.85,13.52,12.13,6.56,5.09,3
129251,8.93,10.77,6.26,9.84,7.72,3
200843,4.76,11.51,9.26,12.93,5.09,3
202043,4,11.77,5.98,10.87,5.42,2
128018,4.78,5.56,6.19,7.39,4.67,1
199292,5.37,6.94,5.23,8.04,7.71,2
201565,5.37,6.23,4.61,7.81,5.02,1
167982,4.29,8.72,7.06,12.26,7.76,2
159043,8.94,7.76,8.82,5.51,6.17,2
161431,6.98,7.91,8.96,10.82,5.02,2
127174,8.55,8.2,13.61,10.28,7.67,3
142808,4.71,7.23,8.38,5.58,7.09,2
150939,8.26,11.14,11.26,5.36,5.57,2
120201,8.37,12.77,9.03,13.5,4.08,3
142038,6.24,11.12,8.57,5.28,7.65,2
207991,4.3,6.18,9.24,5.61,6.36,1
151719,5.95,13.71,9.92,7.3,4.72,2
144374,4.8,9.5,9,13.08,4.19,2
201580,6.41,7.6,13.69,12.04,7.39,3
212588,7.55,9.9,4.97,10.2,7.07,2
142600,5.41,11.75,9.96,6.79,7.1,2
127298,6.76,13.57,9.62,13.97,6.7,3
147048,8.24,10.36,6.7,11.6,4.46,2
134689,7.02,6.77,10.73,13.64,4.22,3
116519,5.07,8.61,12.3,10.75,4.14,2
172707,5.2,12.82,10.72,10.69,7.15,3
148422,7.85,8.38,4.82,11.84,5.56,2
193786,5.25,12.97,5.57,11.55,7.51,2
117713,7.8,10.5,4.58,7.79,4.09,2
190299,6.78,5.49,10.23,10.85,5.86,2
156027,5.11,11.16,4.12,9.42,5.49,2
206353,6.6,10.17,7.22,7.89,5.64,2
194992,6.35,13.84,5.08,13.36,4.09,3
174714,6.63,8.02,9.76,7.24,6.15,2
175476,4.7,11.04,7.17,9.3,6.28,2
123450,0.1,0.1,0.1,0.1,0.1,0
123450,0.1,0.4,0.5,0.6,0.7,0
123450,0.1,0.3,0.2,0.9,0.8,0
123450,0.2,0.1,0.2,0.2,0.2,0
123450,0.1,0,0,0,0,0
123450,0.5,0.4,0.6,0.9,0,0
123450,0.1,0.9,0.8,0.11,0.41,0
123450,1,0.4,0.8,0.9,0.77,0
123450,0.1,0.2,0.2,0.9,0.7,0
123450,0,0,0,0,0,0
